,Department,Major_Code,Course_IDs
0,Faculty of Land and Food Systems,AANB,"['AANB 504', 'AANB 515', 'AANB 530A', 'AANB 530B', 'AANB 530C', 'AANB 530D', 'AANB 549A', 'AANB 549B', 'AANB 551', 'AANB 649']"
1,Faculty of Arts,ACAM,"['ACAM 250', 'ACAM 300', 'ACAM 320B', 'ACAM 350']"
2,Faculty of Education,ADHE,"['ADHE 327', 'ADHE 328', 'ADHE 329', 'ADHE 330', 'ADHE 412']"
3,Faculty of Arts,AFST,"['AFST 250A', 'AFST 308', 'AFST 351A', 'AFST 352A', 'AFST 370A']"
4,Faculty of Land and Food Systems,AGEC,"['AGEC 530A', 'AGEC 530B', 'AGEC 530C', 'AGEC 549']"
5,Faculty of Medicine,ANAT,"['ANAT 392', 'ANAT 448J', 'ANAT 448L', 'ANAT 448N', 'ANAT 504', 'ANAT 511', 'ANAT 512', 'ANAT 513', 'ANAT 514', 'ANAT 515', 'ANAT 516', 'ANAT 517', 'ANAT 527', 'ANAT 548A', 'ANAT 548B', 'ANAT 548C', 'ANAT 548D', 'ANAT 550', 'ANAT 590', 'ANAT 649']"
6,Faculty of Arts,ANTH,"['ANTH 100A', 'ANTH 201A', 'ANTH 202A', 'ANTH 203', 'ANTH 206', 'ANTH 210', 'ANTH 213', 'ANTH 215', 'ANTH 217', 'ANTH 227', 'ANTH 300A', 'ANTH 303A', 'ANTH 304A', 'ANTH 312', 'ANTH 315', 'ANTH 317A', 'ANTH 331A', 'ANTH 332', 'ANTH 341A', 'ANTH 351A', 'ANTH 360', 'ANTH 378', 'ANTH 400A', 'ANTH 407', 'ANTH 418', 'ANTH 427', 'ANTH 431C', 'ANTH 433A', 'ANTH 449A', 'ANTH 471', 'ANTH 495A', 'ANTH 500', 'ANTH 506A', 'ANTH 516', 'ANTH 517', 'ANTH 540A', 'ANTH 540B', 'ANTH 545A', 'ANTH 545B', 'ANTH 545E', 'ANTH 549A', 'ANTH 649']"
7,Faculty of Land and Food Systems,APBI,"['APBI 200', 'APBI 210', 'APBI 244', 'APBI 260', 'APBI 265', 'APBI 290', 'APBI 311', 'APBI 312', 'APBI 314', 'APBI 315', 'APBI 316', 'APBI 317', 'APBI 318', 'APBI 319', 'APBI 322', 'APBI 324', 'APBI 327', 'APBI 328', 'APBI 342', 'APBI 351', 'APBI 360', 'APBI 361', 'APBI 398', 'APBI 401', 'APBI 402', 'APBI 410', 'APBI 413', 'APBI 414', 'APBI 415', 'APBI 416', 'APBI 418', 'APBI 419', 'APBI 423', 'APBI 426', 'APBI 427', 'APBI 428', 'APBI 440', 'APBI 442', 'APBI 444', 'APBI 460', 'APBI 465', 'APBI 490', 'APBI 495', 'APBI 496A', 'APBI 496B', 'APBI 497A', 'APBI 497B', 'APBI 497C', 'APBI 497D', 'APBI 497E', 'APBI 498', 'APBI 499']"
8,Faculty of Applied Science,APPP,"['APPP 501', 'APPP 502', 'APPP 503', 'APPP 505', 'APPP 506C']"
9,Faculty of Applied Science,APSC,"['APSC 100', 'APSC 101', 'APSC 110', 'APSC 160', 'APSC 172', 'APSC 173', 'APSC 178', 'APSC 182', 'APSC 183', 'APSC 201', 'APSC 210', 'APSC 261', 'APSC 262', 'APSC 278', 'APSC 279', 'APSC 310', 'APSC 366', 'APSC 377', 'APSC 383', 'APSC 402', 'APSC 410', 'APSC 411', 'APSC 412', 'APSC 440', 'APSC 450', 'APSC 486', 'APSC 496D', 'APSC 496E', 'APSC 498B', 'APSC 498K', 'APSC 520', 'APSC 521', 'APSC 522', 'APSC 540', 'APSC 541']"
10,Faculty of Land and Food Systems,AQUA,"['AQUA 501', 'AQUA 502', 'AQUA 503', 'AQUA 504', 'AQUA 505', 'AQUA 506', 'AQUA 507']"
11,Faculty of Arts,ARBC,"['ARBC 101', 'ARBC 102', 'ARBC 201', 'ARBC 202']"
12,Faculty of Arts,ARBM *,"['ARCH 404A', 'ARCH 404G', 'ARCH 405H', 'ARCH 411', 'ARCH 500', 'ARCH 501', 'ARCH 502', 'ARCH 504A', 'ARCH 504G', 'ARCH 505H', 'ARCH 511', 'ARCH 512', 'ARCH 513', 'ARCH 515', 'ARCH 517', 'ARCH 520', 'ARCH 521', 'ARCH 523', 'ARCH 531', 'ARCH 532', 'ARCH 533', 'ARCH 537A', 'ARCH 537B', 'ARCH 537J', 'ARCH 540', 'ARCH 541', 'ARCH 544B', 'ARCH 545A', 'ARCH 545B', 'ARCH 548', 'ARCH 549', 'ARCH 555A', 'ARCH 555B', 'ARCH 568', 'ARCH 571A', 'ARCH 571B', 'ARCH 574', 'ARCH 575', 'ARCH 597F', 'ARCH 598']"
13,Faculty of Science,ARC *,"['ARCL 103', 'ARCL 140', 'ARCL 203', 'ARCL 228', 'ARCL 235', 'ARCL 305', 'ARCL 309', 'ARCL 322', 'ARCL 325', 'ARCL 345', 'ARCL 405', 'ARCL 406A', 'ARCL 419']"
14,School of Arch and Landscape Arch,ARCH,"['ARST 500', 'ARST 510', 'ARST 515', 'ARST 516', 'ARST 517', 'ARST 520', 'ARST 540', 'ARST 545', 'ARST 550', 'ARST 554', 'ARST 555', 'ARST 556L', 'ARST 565', 'ARST 570', 'ARST 573', 'ARST 575J', 'ARST 575K', 'ARST 575M', 'ARST 580', 'ARST 585', 'ARST 587', 'ARST 591', 'ARST 592A', 'ARST 592B', 'ARST 594A', 'ARST 594B', 'ARST 595', 'ARST 596', 'ARST 599A', 'ARST 599B']"
15,Faculty of Arts,ARCL,"['ARTC 100', 'ARTC 110', 'ARTC 200', 'ARTC 210', 'ARTC 211', 'ARTC 300', 'ARTC 310', 'ARTC 311', 'ARTC 400', 'ARTC 410', 'ARTC 411', 'ARTC 445', 'ARTC 450', 'ARTC 451', 'ARTC 456', 'ARTC 460', 'ARTC 461']"
16,School of Information,ARST,"['ARTH 101', 'ARTH 102', 'ARTH 225', 'ARTH 226', 'ARTH 227', 'ARTH 230', 'ARTH 253', 'ARTH 300', 'ARTH 310', 'ARTH 312', 'ARTH 319', 'ARTH 321', 'ARTH 323', 'ARTH 331', 'ARTH 332', 'ARTH 339', 'ARTH 340', 'ARTH 341', 'ARTH 345', 'ARTH 350', 'ARTH 363', 'ARTH 380', 'ARTH 382', 'ARTH 436', 'ARTH 439', 'ARTH 440A', 'ARTH 443', 'ARTH 445', 'ARTH 464', 'ARTH 480', 'ARTH 499', 'ARTH 537', 'ARTH 540A', 'ARTH 550', 'ARTH 551A', 'ARTH 553A', 'ARTH 571', 'ARTH 577A', 'ARTH 577B', 'ARTH 577C', 'ARTH 599', 'ARTH 649']"
17,Faculty of Arts,ARTC,['ARTS 001A']
18,Faculty of Arts,ARTH,"['ASIA 100', 'ASIA 101', 'ASIA 110', 'ASIA 200', 'ASIA 210', 'ASIA 212', 'ASIA 250', 'ASIA 254', 'ASIA 270', 'ASIA 300', 'ASIA 301', 'ASIA 304', 'ASIA 305', 'ASIA 308', 'ASIA 309', 'ASIA 311', 'ASIA 313', 'ASIA 314', 'ASIA 315', 'ASIA 317', 'ASIA 319', 'ASIA 320', 'ASIA 325', 'ASIA 326', 'ASIA 327', 'ASIA 332', 'ASIA 333', 'ASIA 334', 'ASIA 336', 'ASIA 337', 'ASIA 340', 'ASIA 342', 'ASIA 346A', 'ASIA 347', 'ASIA 351', 'ASIA 353', 'ASIA 354', 'ASIA 355', 'ASIA 357', 'ASIA 361', 'ASIA 362A', 'ASIA 364A', 'ASIA 367', 'ASIA 371', 'ASIA 372', 'ASIA 373', 'ASIA 375', 'ASIA 382', 'ASIA 386', 'ASIA 387', 'ASIA 388', 'ASIA 389', 'ASIA 390', 'ASIA 392', 'ASIA 394', 'ASIA 395', 'ASIA 396', 'ASIA 398', 'ASIA 399', 'ASIA 407', 'ASIA 410', 'ASIA 411', 'ASIA 430', 'ASIA 431', 'ASIA 433', 'ASIA 441A', 'ASIA 444', 'ASIA 453', 'ASIA 456', 'ASIA 457', 'ASIA 461', 'ASIA 463', 'ASIA 464', 'ASIA 465', 'ASIA 470', 'ASIA 484', 'ASIA 490D', 'ASIA 490E', 'ASIA 490H', 'ASIA 490Z', 'ASIA 491', 'ASIA 495', 'ASIA 499', 'ASIA 502A', 'ASIA 503A', 'ASIA 508A', 'ASIA 510B', 'ASIA 512B', 'ASIA 514B', 'ASIA 521A', 'ASIA 532A', 'ASIA 532B', 'ASIA 533A', 'ASIA 546A', 'ASIA 547', 'ASIA 561A', 'ASIA 561B', 'ASIA 570A', 'ASIA 570B', 'ASIA 576B', 'ASIA 580A', 'ASIA 582A', 'ASIA 592', 'ASIA 599B', 'ASIA 699']"
19,Faculty of Arts,ARTS,"['ASIC 200', 'ASIC 220']"
20,Faculty of Arts,ASIA,"['ASL 100', 'ASL 101']"
21,Faculty of Science,ASIC,"['ASTR 101', 'ASTR 102', 'ASTR 200', 'ASTR 205', 'ASTR 300', 'ASTR 310', 'ASTR 311', 'ASTR 333', 'ASTR 349', 'ASTR 403', 'ASTR 404', 'ASTR 405', 'ASTR 406', 'ASTR 407', 'ASTR 449', 'ASTR 506A', 'ASTR 507A', 'ASTR 508', 'ASTR 514', 'ASTR 549', 'ASTR 649']"
22,Faculty of Arts,ASL,"['ASTU 100', 'ASTU 101', 'ASTU 202', 'ASTU 204A', 'ASTU 204T', 'ASTU 310', 'ASTU 311', 'ASTU 400A', 'ASTU 400B', 'ASTU 400C', 'ASTU 400D', 'ASTU 400E', 'ASTU 400G', 'ASTU 400Q', 'ASTU 400R', 'ASTU 400Z', 'ASTU 401D', 'ASTU 401G', 'ASTU 402', 'ASTU 410', 'ASTU 411', 'ASTU 412', 'ASTU 412A', 'ASTU 412B', 'ASTU 460', 'ASTU 501', 'ASTU 502', 'ASTU 503', 'ASTU 610', 'ASTU 611', 'ASTU 612', 'ASTU 613']"
23,Faculty of Arts,ASLA *,"['ATSC 113', 'ATSC 201', 'ATSC 301', 'ATSC 313', 'ATSC 398', 'ATSC 399', 'ATSC 448A', 'ATSC 448B', 'ATSC 449', 'ATSC 498', 'ATSC 499', 'ATSC 548A', 'ATSC 548B', 'ATSC 595A', 'ATSC 595D', 'ATSC 597', 'ATSC 598', 'ATSC 599A', 'ATSC 699']"
24,Faculty of Science,ASTR,"['AUDI 402', 'AUDI 403', 'AUDI 513', 'AUDI 514A', 'AUDI 514B', 'AUDI 515', 'AUDI 516', 'AUDI 516A', 'AUDI 516B', 'AUDI 516C', 'AUDI 518', 'AUDI 520B', 'AUDI 522', 'AUDI 524', 'AUDI 526', 'AUDI 527', 'AUDI 528', 'AUDI 529', 'AUDI 530A', 'AUDI 530B', 'AUDI 530C', 'AUDI 540', 'AUDI 545', 'AUDI 546A', 'AUDI 546B', 'AUDI 547A', 'AUDI 547B', 'AUDI 547C', 'AUDI 547D', 'AUDI 547F', 'AUDI 548', 'AUDI 549', 'AUDI 550A', 'AUDI 550B', 'AUDI 550D', 'AUDI 551', 'AUDI 552', 'AUDI 553', 'AUDI 555', 'AUDI 556', 'AUDI 557', 'AUDI 558', 'AUDI 559', 'AUDI 562', 'AUDI 563', 'AUDI 566C', 'AUDI 567', 'AUDI 567C', 'AUDI 568', 'AUDI 568C', 'AUDI 569', 'AUDI 570', 'AUDI 571', 'AUDI 572', 'AUDI 575', 'AUDI 576', 'AUDI 577', 'AUDI 579', 'AUDI 580', 'AUDI 581', 'AUDI 583', 'AUDI 585', 'AUDI 586', 'AUDI 590C', 'AUDI 591C', 'AUDI 593', 'AUDI 594C', 'AUDI 649', 'AUDI 660A', 'AUDI 660B', 'AUDI 660C', 'AUDI 670C', 'AUDI 685A', 'AUDI 685B', 'AUDI 685C', 'AUDI 690C']"
25,Faculty of Arts,ASTU,"['BA 501', 'BA 502', 'BA 503', 'BA 504', 'BA 507', 'BA 508', 'BA 509', 'BA 510', 'BA 511', 'BA 512', 'BA 514', 'BA 515', 'BA 520', 'BA 530D', 'BA 530E', 'BA 530F', 'BA 530G', 'BA 530M', 'BA 531A', 'BA 531B', 'BA 531C', 'BA 532A', 'BA 532C', 'BA 535', 'BA 550', 'BA 551', 'BA 560', 'BA 561', 'BA 562', 'BA 563', 'BA 564', 'BA 580B', 'BA 580C', 'BA 580D']"
26,Faculty of Science,ATSC,"['BAAC 501', 'BAAC 550', 'BAAC 551']"
27,School of Audiology and Speech Scie,AUDI,"['BABS 502', 'BABS 506', 'BABS 507', 'BABS 508', 'BABS 550']"
28,Faculty of Comm and Bus Admin,BA,"['BAEN 502', 'BAEN 505', 'BAEN 506', 'BAEN 549', 'BAEN 550', 'BAEN 580', 'BAEN 580A', 'BAEN 580B', 'BAEN 580D', 'BAEN 581', 'BAEN 590B']"
29,Faculty of Comm and Bus Admin,BAAC,"['BAFI 500', 'BAFI 502', 'BAFI 507', 'BAFI 511', 'BAFI 516', 'BAFI 519', 'BAFI 520', 'BAFI 532', 'BAFI 550', 'BAFI 580A', 'BAFI 590A', 'BAFI 590B', 'BAFI 590C']"
30,Faculty of Comm and Bus Admin,BABS,"['BAHR 505', 'BAHR 507', 'BAHR 508', 'BAHR 550', 'BAHR 560', 'BAHR 580A', 'BAHR 580C']"
31,Faculty of Comm and Bus Admin,BAEN,"['BAIT 507', 'BAIT 508', 'BAIT 509', 'BAIT 510', 'BAIT 511', 'BAIT 516', 'BAIT 518', 'BAIT 523', 'BAIT 580A', 'BAIT 590D']"
32,Faculty of Comm and Bus Admin,BAFI,"['BALA 503', 'BALA 580A']"
33,Faculty of Comm and Bus Admin,BAHC *,"['BAMA 503', 'BAMA 505', 'BAMA 506', 'BAMA 508', 'BAMA 511', 'BAMA 513', 'BAMA 514', 'BAMA 516', 'BAMA 517', 'BAMA 520', 'BAMA 521', 'BAMA 550', 'BAMA 580A', 'BAMA 580B', 'BAMA 580C', 'BAMA 590B']"
34,Faculty of Comm and Bus Admin,BAHR,"['BAMS 503', 'BAMS 504', 'BAMS 506', 'BAMS 508', 'BAMS 517', 'BAMS 521', 'BAMS 523']"
35,Faculty of Comm and Bus Admin,BAIM *,['BAPA 550']
36,Faculty of Comm and Bus Admin,BAIT,"['BASC 500', 'BASC 523', 'BASC 524', 'BASC 525', 'BASC 550']"
37,Faculty of Comm and Bus Admin,BALA,"['BASM 501', 'BASM 502', 'BASM 510', 'BASM 514', 'BASM 516', 'BASM 523', 'BASM 530', 'BASM 550', 'BASM 590A', 'BASM 590B']"
38,Faculty of Comm and Bus Admin,BAMA,['BAUL 501']
39,Faculty of Comm and Bus Admin,BAMS,"['BEST 200', 'BEST 201', 'BEST 202', 'BEST 203']"
40,Faculty of Comm and Bus Admin,BAPA,"['BIOC 202', 'BIOC 203', 'BIOC 301', 'BIOC 302', 'BIOC 303', 'BIOC 304', 'BIOC 398', 'BIOC 399', 'BIOC 402', 'BIOC 403', 'BIOC 404', 'BIOC 410', 'BIOC 420', 'BIOC 421', 'BIOC 440', 'BIOC 448A', 'BIOC 448B', 'BIOC 449A', 'BIOC 449B', 'BIOC 449C', 'BIOC 450', 'BIOC 460', 'BIOC 470', 'BIOC 498', 'BIOC 499', 'BIOC 501A', 'BIOC 530', 'BIOC 548A', 'BIOC 548B', 'BIOC 548C', 'BIOC 548D', 'BIOC 549', 'BIOC 551', 'BIOC 556', 'BIOC 557', 'BIOC 558', 'BIOC 559', 'BIOC 649']"
41,Faculty of Comm and Bus Admin,BASC,"['BIOF 501A', 'BIOF 520', 'BIOF 540', 'BIOF 548A', 'BIOF 599', 'BIOF 699']"
42,Faculty of Comm and Bus Admin,BASD *,"['BIOL 111', 'BIOL 112', 'BIOL 121', 'BIOL 140', 'BIOL 155', 'BIOL 200', 'BIOL 201', 'BIOL 203', 'BIOL 204', 'BIOL 205', 'BIOL 209', 'BIOL 210', 'BIOL 230', 'BIOL 234', 'BIOL 260', 'BIOL 300', 'BIOL 301', 'BIOL 306', 'BIOL 310', 'BIOL 320', 'BIOL 324', 'BIOL 325', 'BIOL 326', 'BIOL 327', 'BIOL 330', 'BIOL 335', 'BIOL 336', 'BIOL 338', 'BIOL 341', 'BIOL 342', 'BIOL 343', 'BIOL 346', 'BIOL 347', 'BIOL 351', 'BIOL 352', 'BIOL 362', 'BIOL 364', 'BIOL 370', 'BIOL 371', 'BIOL 372', 'BIOL 398', 'BIOL 399', 'BIOL 402', 'BIOL 403', 'BIOL 404', 'BIOL 406', 'BIOL 411', 'BIOL 413', 'BIOL 416', 'BIOL 417', 'BIOL 418', 'BIOL 420', 'BIOL 421', 'BIOL 425', 'BIOL 427', 'BIOL 428', 'BIOL 430', 'BIOL 432', 'BIOL 434', 'BIOL 436', 'BIOL 438', 'BIOL 440', 'BIOL 441', 'BIOL 445', 'BIOL 447', 'BIOL 448A', 'BIOL 448B', 'BIOL 448C', 'BIOL 448D', 'BIOL 448G', 'BIOL 449', 'BIOL 450', 'BIOL 454', 'BIOL 455', 'BIOL 457', 'BIOL 458', 'BIOL 459', 'BIOL 463', 'BIOL 464', 'BIOL 465', 'BIOL 490A', 'BIOL 498', 'BIOL 499', 'BIOL 501', 'BIOL 503', 'BIOL 509', 'BIOL 530', 'BIOL 548G', 'BIOL 548I', 'BIOL 548J', 'BIOL 548L', 'BIOL 548M', 'BIOL 548N', 'BIOL 548O', 'BIOL 548P', 'BIOL 548Q', 'BIOL 548T', 'BIOL 548U', 'BIOL 548V', 'BIOL 548W']"
43,Faculty of Comm and Bus Admin,BASM,"['BIOT 280', 'BIOT 380']"
44,Faculty of Comm and Bus Admin,BATL *,"['BMEG 101', 'BMEG 102', 'BMEG 201', 'BMEG 210', 'BMEG 220', 'BMEG 230', 'BMEG 245', 'BMEG 250', 'BMEG 257', 'BMEG 310', 'BMEG 320', 'BMEG 321', 'BMEG 330', 'BMEG 350', 'BMEG 357', 'BMEG 371', 'BMEG 372', 'BMEG 373', 'BMEG 374', 'BMEG 400C', 'BMEG 400D', 'BMEG 400E', 'BMEG 400M', 'BMEG 401', 'BMEG 410', 'BMEG 420', 'BMEG 455', 'BMEG 456', 'BMEG 457', 'BMEG 474', 'BMEG 500', 'BMEG 501', 'BMEG 510', 'BMEG 511', 'BMEG 550', 'BMEG 554A', 'BMEG 554B', 'BMEG 554C', 'BMEG 556', 'BMEG 557', 'BMEG 580', 'BMEG 581', 'BMEG 590', 'BMEG 591C', 'BMEG 591D', 'BMEG 591E', 'BMEG 591F', 'BMEG 591M', 'BMEG 597', 'BMEG 598', 'BMEG 599', 'BMEG 699']"
45,Faculty of Comm and Bus Admin,BAUL,"['BOTA 501', 'BOTA 502', 'BOTA 546A', 'BOTA 546B', 'BOTA 546D', 'BOTA 546F', 'BOTA 549', 'BOTA 649']"
46,Faculty of Forestry,BEST,"['BRDG 500', 'BRDG 501', 'BRDG 590', 'BRDG 600', 'BRDG 601', 'BRDG 690']"
47,Faculty of Medicine,BIOC,"['BUSI 100', 'BUSI 101', 'BUSI 111', 'BUSI 112', 'BUSI 121', 'BUSI 221', 'BUSI 291', 'BUSI 293', 'BUSI 294', 'BUSI 295', 'BUSI 300', 'BUSI 329', 'BUSI 330', 'BUSI 331', 'BUSI 335', 'BUSI 344', 'BUSI 352', 'BUSI 353', 'BUSI 354', 'BUSI 355', 'BUSI 370', 'BUSI 393', 'BUSI 398', 'BUSI 400', 'BUSI 401', 'BUSI 414', 'BUSI 420', 'BUSI 420A', 'BUSI 433', 'BUSI 441', 'BUSI 442', 'BUSI 443', 'BUSI 444', 'BUSI 445', 'BUSI 446', 'BUSI 450', 'BUSI 451', 'BUSI 452', 'BUSI 453', 'BUSI 455', 'BUSI 460', 'BUSI 465', 'BUSI 486B', 'BUSI 493', 'BUSI 497', 'BUSI 499']"
48,Faculty of Science,BIOF,"['CAPS 301', 'CAPS 303', 'CAPS 390', 'CAPS 391', 'CAPS 398', 'CAPS 399', 'CAPS 421', 'CAPS 422', 'CAPS 423', 'CAPS 424', 'CAPS 426', 'CAPS 430', 'CAPS 448A', 'CAPS 448B', 'CAPS 448C', 'CAPS 449', 'CAPS 498', 'CAPS 499']"
49,Faculty of Science,BIOL,"['CCFI 580A', 'CCFI 580B', 'CCFI 580C', 'CCFI 590', 'CCFI 699']"
50,Faculty of Science,BIOT,"['CCST 500', 'CCST 502', 'CCST 503']"
51,School of Biomedical Engineering,BMEG,"['CDST 350B', 'CDST 450B']"
52,Faculty of Science,BOTA,"['CEEN 501', 'CEEN 523', 'CEEN 525', 'CEEN 550', 'CEEN 596']"
53,Faculty of Medicine,BRDG,"['CELL 501', 'CELL 502', 'CELL 503', 'CELL 504', 'CELL 505', 'CELL 506', 'CELL 507', 'CELL 508', 'CELL 509', 'CELL 511', 'CELL 549', 'CELL 649']"
54,Faculty of Comm and Bus Admin,BUSI,"['CENS 201', 'CENS 202', 'CENS 303A', 'CENS 303B', 'CENS 404']"
55,Faculty of Medicine,CAPS,"['CHBE 201', 'CHBE 220', 'CHBE 221', 'CHBE 230', 'CHBE 241', 'CHBE 244', 'CHBE 251', 'CHBE 263', 'CHBE 264', 'CHBE 344', 'CHBE 345', 'CHBE 346', 'CHBE 350', 'CHBE 352', 'CHBE 355', 'CHBE 356', 'CHBE 362', 'CHBE 364', 'CHBE 365', 'CHBE 366', 'CHBE 370', 'CHBE 373', 'CHBE 376', 'CHBE 381', 'CHBE 402', 'CHBE 419', 'CHBE 451', 'CHBE 453', 'CHBE 454', 'CHBE 456', 'CHBE 457', 'CHBE 459', 'CHBE 464', 'CHBE 474', 'CHBE 476', 'CHBE 477', 'CHBE 481', 'CHBE 482', 'CHBE 483', 'CHBE 485', 'CHBE 486', 'CHBE 487', 'CHBE 488', 'CHBE 491', 'CHBE 492', 'CHBE 493', 'CHBE 494', 'CHBE 495', 'CHBE 496', 'CHBE 505', 'CHBE 549', 'CHBE 550', 'CHBE 551', 'CHBE 553', 'CHBE 554', 'CHBE 560', 'CHBE 563', 'CHBE 564', 'CHBE 565', 'CHBE 573', 'CHBE 575', 'CHBE 577', 'CHBE 583', 'CHBE 587', 'CHBE 588', 'CHBE 596', 'CHBE 597', 'CHBE 598', 'CHBE 599', 'CHBE 697', 'CHBE 699']"
56,Faculty of Education,CCFI,"['CHEM 100', 'CHEM 110', 'CHEM 111', 'CHEM 115', 'CHEM 120', 'CHEM 121', 'CHEM 123', 'CHEM 130', 'CHEM 135', 'CHEM 154', 'CHEM 203', 'CHEM 205', 'CHEM 208', 'CHEM 210', 'CHEM 213', 'CHEM 215', 'CHEM 218', 'CHEM 223', 'CHEM 225', 'CHEM 233', 'CHEM 235', 'CHEM 245', 'CHEM 250', 'CHEM 260', 'CHEM 300', 'CHEM 301', 'CHEM 302', 'CHEM 304', 'CHEM 305', 'CHEM 311', 'CHEM 312', 'CHEM 313', 'CHEM 315', 'CHEM 318', 'CHEM 319', 'CHEM 325', 'CHEM 327', 'CHEM 329', 'CHEM 330', 'CHEM 335', 'CHEM 341', 'CHEM 345', 'CHEM 398', 'CHEM 399', 'CHEM 401', 'CHEM 402', 'CHEM 403', 'CHEM 404', 'CHEM 405', 'CHEM 406', 'CHEM 407', 'CHEM 410', 'CHEM 411', 'CHEM 412', 'CHEM 413', 'CHEM 417', 'CHEM 418', 'CHEM 427', 'CHEM 434', 'CHEM 445A', 'CHEM 445B', 'CHEM 445C', 'CHEM 448A', 'CHEM 448B', 'CHEM 448C', 'CHEM 449', 'CHEM 460', 'CHEM 461', 'CHEM 473', 'CHEM 498', 'CHEM 499', 'CHEM 502', 'CHEM 503', 'CHEM 506', 'CHEM 507B', 'CHEM 514', 'CHEM 516A', 'CHEM 517', 'CHEM 519A', 'CHEM 524', 'CHEM 527', 'CHEM 528', 'CHEM 533', 'CHEM 534', 'CHEM 535A', 'CHEM 540C', 'CHEM 549', 'CHEM 560', 'CHEM 561', 'CHEM 566', 'CHEM 569', 'CHEM 573', 'CHEM 649']"
57,Faculty of Arts,CCST,['CHIL 599']
58,Faculty of Arts,CDST,"['CHIN 131', 'CHIN 133', 'CHIN 141', 'CHIN 143', 'CHIN 231', 'CHIN 233', 'CHIN 241', 'CHIN 243', 'CHIN 331', 'CHIN 333', 'CHIN 335', 'CHIN 337', 'CHIN 341', 'CHIN 343', 'CHIN 345', 'CHIN 347', 'CHIN 388', 'CHIN 401', 'CHIN 403', 'CHIN 405', 'CHIN 407', 'CHIN 415', 'CHIN 435', 'CHIN 437', 'CHIN 441', 'CHIN 443', 'CHIN 447', 'CHIN 461', 'CHIN 463', 'CHIN 465', 'CHIN 471', 'CHIN 473', 'CHIN 481', 'CHIN 483', 'CHIN 485', 'CHIN 491', 'CHIN 493']"
59,Faculty of Applied Science,CEEN,"['CIVL 201', 'CIVL 203', 'CIVL 204', 'CIVL 210', 'CIVL 215', 'CIVL 230', 'CIVL 231', 'CIVL 235', 'CIVL 250', 'CIVL 300', 'CIVL 301', 'CIVL 302', 'CIVL 303', 'CIVL 305', 'CIVL 311', 'CIVL 315', 'CIVL 316', 'CIVL 320', 'CIVL 331', 'CIVL 332', 'CIVL 340', 'CIVL 402', 'CIVL 403', 'CIVL 406', 'CIVL 408', 'CIVL 409', 'CIVL 410', 'CIVL 411', 'CIVL 413', 'CIVL 415', 'CIVL 416', 'CIVL 417', 'CIVL 418', 'CIVL 420', 'CIVL 425', 'CIVL 426', 'CIVL 430', 'CIVL 432', 'CIVL 433', 'CIVL 435', 'CIVL 436', 'CIVL 437', 'CIVL 439', 'CIVL 440', 'CIVL 441', 'CIVL 445', 'CIVL 446', 'CIVL 478', 'CIVL 498J', 'CIVL 498M', 'CIVL 504', 'CIVL 505', 'CIVL 506', 'CIVL 507', 'CIVL 508', 'CIVL 509', 'CIVL 511', 'CIVL 513', 'CIVL 516', 'CIVL 518', 'CIVL 520', 'CIVL 521', 'CIVL 522', 'CIVL 523', 'CIVL 524', 'CIVL 526', 'CIVL 529', 'CIVL 537', 'CIVL 538', 'CIVL 540', 'CIVL 547', 'CIVL 555', 'CIVL 556', 'CIVL 561', 'CIVL 565', 'CIVL 569', 'CIVL 570', 'CIVL 574', 'CIVL 579', 'CIVL 580', 'CIVL 581', 'CIVL 582', 'CIVL 583', 'CIVL 597', 'CIVL 598E', 'CIVL 598J', 'CIVL 598M', 'CIVL 598P', 'CIVL 598Q', 'CIVL 598S', 'CIVL 599', 'CIVL 699']"
60,Faculty of Medicine,CELL,"['CLST 101', 'CLST 105', 'CLST 211', 'CLST 212', 'CLST 231', 'CLST 232', 'CLST 260', 'CLST 301', 'CLST 306', 'CLST 308', 'CLST 311', 'CLST 313', 'CLST 319', 'CLST 331', 'CLST 332', 'CLST 334', 'CLST 352', 'CLST 355', 'CLST 356', 'CLST 360B', 'CLST 401E', 'CLST 403B', 'CLST 404B', 'CLST 518A']"
61,Faculty of Arts,CENS,"['CNPS 362', 'CNPS 363', 'CNPS 364', 'CNPS 365', 'CNPS 426', 'CNPS 427', 'CNPS 433', 'CNPS 504', 'CNPS 514', 'CNPS 524', 'CNPS 532B', 'CNPS 534', 'CNPS 545', 'CNPS 564', 'CNPS 574', 'CNPS 578C', 'CNPS 579', 'CNPS 580A', 'CNPS 580B', 'CNPS 580C', 'CNPS 584', 'CNPS 586', 'CNPS 587A', 'CNPS 588C', 'CNPS 594', 'CNPS 595', 'CNPS 598C', 'CNPS 598H', 'CNPS 599C', 'CNPS 632', 'CNPS 669A', 'CNPS 678A', 'CNPS 688', 'CNPS 698', 'CNPS 699']"
62,Faculty of Applied Science,CHBE,"['CNRS 104', 'CNRS 370', 'CNRS 410', 'CNRS 449', 'CNRS 500A', 'CNRS 502A', 'CNRS 549', 'CNRS 649']"
63,Faculty of Science,CHEM,"['CNTO 301', 'CNTO 303', 'CNTO 311', 'CNTO 401', 'CNTO 451']"
64,Faculty of Arts,CHIL,"['COEC 293', 'COEC 294', 'COEC 365', 'COEC 370', 'COEC 371', 'COEC 377', 'COEC 437', 'COEC 475', 'COEC 491', 'COEC 497', 'COEC 498']"
65,Faculty of Arts,CHIN,"['COGS 200', 'COGS 300', 'COGS 303', 'COGS 401', 'COGS 402']"
66,Faculty of Applied Science,CIVL,"['COHR 308', 'COHR 401', 'COHR 402', 'COHR 408', 'COHR 411', 'COHR 433', 'COHR 486A', 'COHR 486D']"
67,Faculty of Arts,CLST,"['COLX 521', 'COLX 523', 'COLX 525', 'COLX 531', 'COLX 535', 'COLX 561', 'COLX 563', 'COLX 565', 'COLX 581', 'COLX 585', 'COLX 595']"
68,Faculty of Education,CNPS,"['COMM 100', 'COMM 101', 'COMM 120', 'COMM 186E', 'COMM 202', 'COMM 203', 'COMM 204', 'COMM 205', 'COMM 220', 'COMM 271', 'COMM 280', 'COMM 290', 'COMM 291', 'COMM 292', 'COMM 293', 'COMM 294', 'COMM 295', 'COMM 296', 'COMM 298', 'COMM 306', 'COMM 307', 'COMM 311', 'COMM 312', 'COMM 320', 'COMM 321', 'COMM 335', 'COMM 336', 'COMM 337', 'COMM 353', 'COMM 354', 'COMM 355', 'COMM 362', 'COMM 363', 'COMM 365', 'COMM 370', 'COMM 371', 'COMM 374', 'COMM 377', 'COMM 380', 'COMM 381', 'COMM 382', 'COMM 383', 'COMM 386H', 'COMM 386I', 'COMM 386J', 'COMM 386L', 'COMM 386O', 'COMM 386R', 'COMM 386T', 'COMM 386U', 'COMM 386V', 'COMM 387', 'COMM 388', 'COMM 390', 'COMM 393', 'COMM 394', 'COMM 395', 'COMM 405', 'COMM 407', 'COMM 408', 'COMM 412', 'COMM 414', 'COMM 415', 'COMM 420', 'COMM 421', 'COMM 431', 'COMM 434', 'COMM 435', 'COMM 436', 'COMM 437', 'COMM 438', 'COMM 439', 'COMM 443', 'COMM 444', 'COMM 445', 'COMM 447', 'COMM 449', 'COMM 450', 'COMM 452', 'COMM 453', 'COMM 454', 'COMM 455', 'COMM 459', 'COMM 460', 'COMM 461', 'COMM 462', 'COMM 464', 'COMM 466', 'COMM 467', 'COMM 468', 'COMM 470', 'COMM 471', 'COMM 474', 'COMM 475', 'COMM 477', 'COMM 479', 'COMM 480', 'COMM 481', 'COMM 482', 'COMM 484', 'COMM 485', 'COMM 486M', 'COMM 486W', 'COMM 490A', 'COMM 490C', 'COMM 491', 'COMM 497', 'COMM 498', 'COMM 525', 'COMM 547', 'COMM 547A', 'COMM 547B', 'COMM 548', 'COMM 549A', 'COMM 549B', 'COMM 590A', 'COMM 590B', 'COMM 612', 'COMM 616', 'COMM 621', 'COMM 626', 'COMM 628', 'COMM 634', 'COMM 649', 'COMM 651', 'COMM 659', 'COMM 660', 'COMM 671', 'COMM 673', 'COMM 674', 'COMM 675', 'COMM 682', 'COMM 692', 'COMM 693']"
69,Faculty of Arts,CNRS,"['COMR 280', 'COMR 329', 'COMR 382', 'COMR 386I', 'COMR 386L', 'COMR 387', 'COMR 388', 'COMR 398', 'COMR 457', 'COMR 458', 'COMR 465', 'COMR 473', 'COMR 482', 'COMR 485', 'COMR 486W', 'COMR 493', 'COMR 497']"
70,Faculty of Arts,CNTO,"['CONS 101', 'CONS 127', 'CONS 200', 'CONS 210', 'CONS 302', 'CONS 310', 'CONS 330', 'CONS 340', 'CONS 370', 'CONS 425', 'CONS 440', 'CONS 449A', 'CONS 449C', 'CONS 449F', 'CONS 449I', 'CONS 452', 'CONS 481', 'CONS 486', 'CONS 491', 'CONS 495', 'CONS 498', 'CONS 504C', 'CONS 505', 'CONS 506', 'CONS 528']"
71,Faculty of Comm and Bus Admin,COEC,"['CPEN 211', 'CPEN 221', 'CPEN 223', 'CPEN 281', 'CPEN 291', 'CPEN 311', 'CPEN 312', 'CPEN 321', 'CPEN 331', 'CPEN 333', 'CPEN 391', 'CPEN 400A', 'CPEN 400D', 'CPEN 400U', 'CPEN 400Y', 'CPEN 411', 'CPEN 412', 'CPEN 421', 'CPEN 422', 'CPEN 431', 'CPEN 432', 'CPEN 441', 'CPEN 442', 'CPEN 481', 'CPEN 491', 'CPEN 499A', 'CPEN 499B', 'CPEN 502', 'CPEN 511', 'CPEN 512', 'CPEN 513', 'CPEN 521A', 'CPEN 522', 'CPEN 523', 'CPEN 541', 'CPEN 542', 'CPEN 642']"
72,Faculty of Science,COGS,"['CPSC 100', 'CPSC 103', 'CPSC 107', 'CPSC 110', 'CPSC 121', 'CPSC 203', 'CPSC 210', 'CPSC 213', 'CPSC 221', 'CPSC 259', 'CPSC 261', 'CPSC 298', 'CPSC 302', 'CPSC 303', 'CPSC 304', 'CPSC 310', 'CPSC 311', 'CPSC 312', 'CPSC 313', 'CPSC 314', 'CPSC 317', 'CPSC 319', 'CPSC 320', 'CPSC 322', 'CPSC 330', 'CPSC 340', 'CPSC 344', 'CPSC 349', 'CPSC 404', 'CPSC 406', 'CPSC 410', 'CPSC 411', 'CPSC 415', 'CPSC 416', 'CPSC 417', 'CPSC 418', 'CPSC 420', 'CPSC 421', 'CPSC 422', 'CPSC 425', 'CPSC 427', 'CPSC 430', 'CPSC 436V', 'CPSC 440', 'CPSC 444', 'CPSC 445', 'CPSC 448A', 'CPSC 448B', 'CPSC 448C', 'CPSC 449', 'CPSC 490', 'CPSC 491', 'CPSC 501', 'CPSC 503', 'CPSC 508', 'CPSC 509', 'CPSC 513', 'CPSC 515', 'CPSC 531F', 'CPSC 532P', 'CPSC 532S', 'CPSC 532W', 'CPSC 533R', 'CPSC 534L', 'CPSC 535P', 'CPSC 536M', 'CPSC 538B', 'CPSC 539S', 'CPSC 540', 'CPSC 543', 'CPSC 544', 'CPSC 547', 'CPSC 549A', 'CPSC 549B', 'CPSC 554K', 'CPSC 554X', 'CPSC 554Y', 'CPSC 589', 'CPSC 649']"
73,Faculty of Comm and Bus Admin,COHR,"['CRWR 200', 'CRWR 201', 'CRWR 203', 'CRWR 205', 'CRWR 206', 'CRWR 208', 'CRWR 209', 'CRWR 213', 'CRWR 220', 'CRWR 230', 'CRWR 301', 'CRWR 302', 'CRWR 303', 'CRWR 305', 'CRWR 306', 'CRWR 307', 'CRWR 308', 'CRWR 309', 'CRWR 310', 'CRWR 311', 'CRWR 312', 'CRWR 351A', 'CRWR 353A', 'CRWR 356A', 'CRWR 359A', 'CRWR 359B', 'CRWR 401A', 'CRWR 401B', 'CRWR 402B', 'CRWR 403A', 'CRWR 403B', 'CRWR 405A', 'CRWR 405B', 'CRWR 406A', 'CRWR 406B', 'CRWR 407C', 'CRWR 408B', 'CRWR 409A', 'CRWR 409B', 'CRWR 410A', 'CRWR 411A', 'CRWR 411B', 'CRWR 416A', 'CRWR 416B', 'CRWR 430', 'CRWR 440B', 'CRWR 457C', 'CRWR 501A', 'CRWR 501B', 'CRWR 501C', 'CRWR 502B', 'CRWR 503A', 'CRWR 503B', 'CRWR 505A', 'CRWR 505B', 'CRWR 506A', 'CRWR 506B', 'CRWR 506C', 'CRWR 507B', 'CRWR 507C', 'CRWR 508A', 'CRWR 508B', 'CRWR 509A', 'CRWR 509B', 'CRWR 511A', 'CRWR 514A', 'CRWR 514B', 'CRWR 514C', 'CRWR 519B', 'CRWR 530', 'CRWR 550B', 'CRWR 570A', 'CRWR 599']"
74,Faculty of Arts,COLX,"['CSIS 200', 'CSIS 300A', 'CSIS 301', 'CSIS 450B', 'CSIS 490A', 'CSIS 490B', 'CSIS 490C', 'CSIS 500C']"
75,Faculty of Comm and Bus Admin,COMM,['CSPW 100']
76,Faculty of Comm and Bus Admin,COMR,[]
77,Faculty of Forestry,CONS,"['DANI 100', 'DANI 110', 'DANI 210']"
78,Faculty of Applied Science,CPEN,"['DENT 410', 'DENT 420', 'DENT 430', 'DENT 440', 'DENT 504', 'DENT 505', 'DENT 507', 'DENT 508', 'DENT 510', 'DENT 511', 'DENT 512', 'DENT 513', 'DENT 514', 'DENT 515', 'DENT 516', 'DENT 517', 'DENT 518', 'DENT 523', 'DENT 524', 'DENT 525', 'DENT 526', 'DENT 527', 'DENT 528', 'DENT 529', 'DENT 530', 'DENT 531', 'DENT 532', 'DENT 533', 'DENT 539', 'DENT 540', 'DENT 542', 'DENT 543', 'DENT 544', 'DENT 555', 'DENT 556', 'DENT 561A', 'DENT 561B', 'DENT 561C', 'DENT 561D', 'DENT 561E', 'DENT 565', 'DENT 566', 'DENT 567', 'DENT 568', 'DENT 569', 'DENT 570', 'DENT 572', 'DENT 573', 'DENT 574', 'DENT 575', 'DENT 576', 'DENT 577B', 'DENT 578', 'DENT 584', 'DENT 591', 'DENT 592', 'DENT 594', 'DENT 595', 'DENT 596', 'DENT 599', 'DENT 649', 'DENT 711', 'DENT 712', 'DENT 713', 'DENT 715', 'DENT 721', 'DENT 722', 'DENT 724', 'DENT 725', 'DENT 726', 'DENT 727', 'DENT 740', 'DENT 741', 'DENT 742', 'DENT 743', 'DENT 750', 'DENT 756', 'DENT 769', 'DENT 771', 'DENT 772', 'DENT 773', 'DENT 775', 'DENT 777', 'DENT 778', 'DENT 779', 'DENT 780', 'DENT 781', 'DENT 782', 'DENT 783', 'DENT 784', 'DENT 785']"
79,Faculty of Science,CPSC,"['DES 101', 'DES 110', 'DES 130', 'DES 200', 'DES 201', 'DES 202', 'DES 211', 'DES 212', 'DES 220', 'DES 230', 'DES 231', 'DES 232', 'DES 321']"
80,Faculty of Arts,CRWR,"['DHYG 106', 'DHYG 108', 'DHYG 110', 'DHYG 206', 'DHYG 208', 'DHYG 210', 'DHYG 310', 'DHYG 325', 'DHYG 400A', 'DHYG 400B', 'DHYG 401', 'DHYG 402', 'DHYG 405', 'DHYG 406', 'DHYG 410', 'DHYG 412', 'DHYG 433', 'DHYG 435', 'DHYG 461', 'DHYG 462']"
81,Faculty of Arts,CSIS,"['DMED 500', 'DMED 503']"
82,Faculty of Science,CSPW,"['DSCI 100', 'DSCI 511', 'DSCI 512', 'DSCI 513', 'DSCI 521', 'DSCI 522', 'DSCI 523', 'DSCI 524', 'DSCI 525', 'DSCI 531', 'DSCI 532', 'DSCI 541', 'DSCI 542', 'DSCI 551', 'DSCI 552', 'DSCI 553', 'DSCI 554', 'DSCI 561', 'DSCI 562', 'DSCI 563', 'DSCI 571', 'DSCI 572', 'DSCI 573', 'DSCI 574', 'DSCI 575', 'DSCI 591']"
83,Faculty of Arts,CTLN,"['ECED 400', 'ECED 401', 'ECED 405A', 'ECED 406', 'ECED 407', 'ECED 416', 'ECED 417', 'ECED 420', 'ECED 421', 'ECED 438', 'ECED 439', 'ECED 440', 'ECED 442', 'ECED 490', 'ECED 491', 'ECED 495', 'ECED 508B', 'ECED 580A', 'ECED 580B', 'ECED 580C', 'ECED 585E', 'ECED 585F', 'ECED 590E', 'ECED 599A']"
84,Faculty of Arts,DANI,"['ECON 101', 'ECON 102', 'ECON 210', 'ECON 211', 'ECON 221', 'ECON 226', 'ECON 234', 'ECON 255', 'ECON 301', 'ECON 302', 'ECON 303', 'ECON 304', 'ECON 305', 'ECON 306', 'ECON 307', 'ECON 309', 'ECON 310', 'ECON 311', 'ECON 315', 'ECON 316', 'ECON 317', 'ECON 318', 'ECON 319', 'ECON 323', 'ECON 325', 'ECON 326', 'ECON 327', 'ECON 328', 'ECON 334', 'ECON 335', 'ECON 336', 'ECON 339', 'ECON 345', 'ECON 350', 'ECON 351', 'ECON 355', 'ECON 356', 'ECON 360', 'ECON 364A', 'ECON 365', 'ECON 367', 'ECON 370', 'ECON 371', 'ECON 374', 'ECON 390', 'ECON 398', 'ECON 407', 'ECON 420', 'ECON 421', 'ECON 425', 'ECON 441', 'ECON 442', 'ECON 447', 'ECON 451', 'ECON 455', 'ECON 456', 'ECON 457', 'ECON 460', 'ECON 465', 'ECON 466', 'ECON 471', 'ECON 472', 'ECON 482', 'ECON 485', 'ECON 490', 'ECON 492F', 'ECON 493', 'ECON 494', 'ECON 495', 'ECON 499', 'ECON 500', 'ECON 502', 'ECON 514', 'ECON 516', 'ECON 526', 'ECON 527', 'ECON 531', 'ECON 541', 'ECON 542', 'ECON 543', 'ECON 544', 'ECON 550', 'ECON 555', 'ECON 556', 'ECON 560', 'ECON 561', 'ECON 562', 'ECON 565', 'ECON 567', 'ECON 573', 'ECON 590A', 'ECON 590B', 'ECON 600', 'ECON 601', 'ECON 602', 'ECON 603', 'ECON 622', 'ECON 626', 'ECON 627', 'ECON 628', 'ECON 629C', 'ECON 640', 'ECON 690C', 'ECON 699']"
85,Faculty of Dentistry,DENT,"['ECPS 490A', 'ECPS 490B', 'ECPS 490C']"
86,School of Arch and Landscape Arch,DES,"['EDCP 210', 'EDCP 301', 'EDCP 302A', 'EDCP 303', 'EDCP 304', 'EDCP 305', 'EDCP 306', 'EDCP 308', 'EDCP 311A', 'EDCP 312A', 'EDCP 313A', 'EDCP 320', 'EDCP 322A', 'EDCP 323', 'EDCP 327A', 'EDCP 331', 'EDCP 332A', 'EDCP 333', 'EDCP 340', 'EDCP 342A', 'EDCP 349', 'EDCP 352A', 'EDCP 354', 'EDCP 355A', 'EDCP 356', 'EDCP 357', 'EDCP 362B', 'EDCP 362D', 'EDCP 373A', 'EDCP 374A', 'EDCP 375A', 'EDCP 377', 'EDCP 378', 'EDCP 391A', 'EDCP 408', 'EDCP 409', 'EDCP 410', 'EDCP 432', 'EDCP 441B', 'EDCP 442', 'EDCP 467A', 'EDCP 467J', 'EDCP 468A', 'EDCP 468C', 'EDCP 468E', 'EDCP 471A', 'EDCP 471B', 'EDCP 471E', 'EDCP 472', 'EDCP 474', 'EDCP 491', 'EDCP 492', 'EDCP 498', 'EDCP 501', 'EDCP 504A', 'EDCP 508A', 'EDCP 508B', 'EDCP 513', 'EDCP 514', 'EDCP 526B', 'EDCP 537', 'EDCP 542', 'EDCP 550', 'EDCP 553', 'EDCP 555', 'EDCP 556', 'EDCP 557', 'EDCP 558', 'EDCP 559', 'EDCP 562', 'EDCP 564', 'EDCP 565', 'EDCP 566', 'EDCP 569', 'EDCP 570', 'EDCP 571', 'EDCP 580A', 'EDCP 580B', 'EDCP 580D', 'EDCP 585A', 'EDCP 585B', 'EDCP 585C', 'EDCP 590', 'EDCP 598A', 'EDCP 598B', 'EDCP 598C', 'EDCP 599C', 'EDCP 601A', 'EDCP 602A', 'EDCP 699']"
87,Faculty of Dentistry,DHYG,"['EDST 401', 'EDST 403', 'EDST 493', 'EDST 503', 'EDST 508A', 'EDST 508B', 'EDST 509', 'EDST 511', 'EDST 515', 'EDST 518', 'EDST 520', 'EDST 521', 'EDST 523A', 'EDST 525', 'EDST 528', 'EDST 531', 'EDST 535', 'EDST 540A', 'EDST 540B', 'EDST 541', 'EDST 543', 'EDST 544', 'EDST 545', 'EDST 546', 'EDST 561A', 'EDST 561B', 'EDST 565B', 'EDST 565D', 'EDST 571', 'EDST 575', 'EDST 577', 'EDST 578', 'EDST 580A', 'EDST 580B', 'EDST 580C', 'EDST 581', 'EDST 582', 'EDST 583A', 'EDST 585', 'EDST 588', 'EDST 590', 'EDST 593A', 'EDST 597', 'EDST 599C', 'EDST 599E', 'EDST 601A', 'EDST 601B', 'EDST 602A', 'EDST 690', 'EDST 699']"
88,Faculty of Arts,DMED,"['EDUC 141', 'EDUC 240', 'EDUC 244', 'EDUC 315A', 'EDUC 319', 'EDUC 321A', 'EDUC 323A', 'EDUC 344', 'EDUC 399', 'EDUC 418D', 'EDUC 419D', 'EDUC 421D', 'EDUC 430', 'EDUC 440', 'EDUC 440A', 'EDUC 440C', 'EDUC 449A', 'EDUC 449B', 'EDUC 449C', 'EDUC 450A', 'EDUC 450B', 'EDUC 451A', 'EDUC 451B', 'EDUC 452B', 'EDUC 490B', 'EDUC 490H', 'EDUC 490I', 'EDUC 490J', 'EDUC 490K', 'EDUC 490X', 'EDUC 495A', 'EDUC 495B', 'EDUC 495C', 'EDUC 495D', 'EDUC 495E', 'EDUC 495F', 'EDUC 495G', 'EDUC 495H', 'EDUC 496A', 'EDUC 496B', 'EDUC 496C', 'EDUC 496D', 'EDUC 496E', 'EDUC 496F', 'EDUC 496G', 'EDUC 496H', 'EDUC 496I', 'EDUC 500', 'EDUC 504']"
89,Faculty of Science,DSCI,"['EECE 500', 'EECE 541', 'EECE 549', 'EECE 550', 'EECE 553', 'EECE 554', 'EECE 555', 'EECE 560', 'EECE 562', 'EECE 565', 'EECE 567', 'EECE 570', 'EECE 571A', 'EECE 571B', 'EECE 571C', 'EECE 571E', 'EECE 571G', 'EECE 571H', 'EECE 571J', 'EECE 571K', 'EECE 571L', 'EECE 571M', 'EECE 571N', 'EECE 571P', 'EECE 571S', 'EECE 571T', 'EECE 571U', 'EECE 571W', 'EECE 571Y', 'EECE 589', 'EECE 597', 'EECE 599', 'EECE 699']"
90,Faculty of Education,ECED,"['ELEC 201', 'ELEC 202', 'ELEC 203', 'ELEC 204', 'ELEC 205', 'ELEC 211', 'ELEC 221', 'ELEC 271', 'ELEC 281', 'ELEC 291', 'ELEC 292', 'ELEC 301', 'ELEC 302', 'ELEC 311', 'ELEC 315', 'ELEC 321', 'ELEC 331', 'ELEC 341', 'ELEC 342', 'ELEC 343', 'ELEC 344', 'ELEC 352', 'ELEC 371', 'ELEC 391', 'ELEC 400M', 'ELEC 400U', 'ELEC 400Y', 'ELEC 401', 'ELEC 402', 'ELEC 403', 'ELEC 404', 'ELEC 411', 'ELEC 412', 'ELEC 413', 'ELEC 415', 'ELEC 421', 'ELEC 422', 'ELEC 431', 'ELEC 433', 'ELEC 441', 'ELEC 442', 'ELEC 451', 'ELEC 453', 'ELEC 454', 'ELEC 455', 'ELEC 456', 'ELEC 457', 'ELEC 461', 'ELEC 462', 'ELEC 465', 'ELEC 471', 'ELEC 473', 'ELEC 474', 'ELEC 481', 'ELEC 491', 'ELEC 494', 'ELEC 499A', 'ELEC 499B', 'ELEC 502', 'ELEC 507', 'ELEC 521', 'ELEC 523', 'ELEC 524', 'ELEC 542', 'ELEC 544', 'ELEC 546', 'ELEC 574', 'ELEC 581', 'ELEC 582', 'ELEC 584']"
91,Vancouver School of Economics,ECON,[]
92,Faculty of Education,ECPS,"['ENDS 110', 'ENDS 211', 'ENDS 221', 'ENDS 401', 'ENDS 402', 'ENDS 440', 'ENDS 482C', 'ENDS 482J', 'ENDS 482K', 'ENDS 482P', 'ENDS 482R']"
93,Faculty of Education,EDCP,"['ENGL 100', 'ENGL 110', 'ENGL 111', 'ENGL 140', 'ENGL 200', 'ENGL 210', 'ENGL 211', 'ENGL 220', 'ENGL 221', 'ENGL 222', 'ENGL 223', 'ENGL 224', 'ENGL 225', 'ENGL 227', 'ENGL 229', 'ENGL 231', 'ENGL 232', 'ENGL 241', 'ENGL 242', 'ENGL 243', 'ENGL 244', 'ENGL 245', 'ENGL 246', 'ENGL 248', 'ENGL 301', 'ENGL 307', 'ENGL 308', 'ENGL 309', 'ENGL 310', 'ENGL 312', 'ENGL 318', 'ENGL 319', 'ENGL 321', 'ENGL 322', 'ENGL 323', 'ENGL 326', 'ENGL 327', 'ENGL 328', 'ENGL 330', 'ENGL 331', 'ENGL 332', 'ENGL 333', 'ENGL 337', 'ENGL 339', 'ENGL 342', 'ENGL 343', 'ENGL 344', 'ENGL 346', 'ENGL 347', 'ENGL 348', 'ENGL 349', 'ENGL 350', 'ENGL 351', 'ENGL 353', 'ENGL 355', 'ENGL 361', 'ENGL 362', 'ENGL 364', 'ENGL 365', 'ENGL 366', 'ENGL 368', 'ENGL 370A', 'ENGL 371', 'ENGL 372', 'ENGL 373', 'ENGL 374', 'ENGL 377', 'ENGL 378', 'ENGL 379', 'ENGL 382', 'ENGL 387', 'ENGL 392', 'ENGL 393', 'ENGL 394', 'ENGL 397', 'ENGL 489', 'ENGL 490', 'ENGL 491J', 'ENGL 491K', 'ENGL 491L', 'ENGL 492L', 'ENGL 492M', 'ENGL 492N', 'ENGL 492P', 'ENGL 496A', 'ENGL 496B', 'ENGL 496H', 'ENGL 499A', 'ENGL 499B', 'ENGL 499C', 'ENGL 500', 'ENGL 500B', 'ENGL 507A', 'ENGL 509A', 'ENGL 512A', 'ENGL 514A', 'ENGL 525B', 'ENGL 535A', 'ENGL 539A', 'ENGL 539B', 'ENGL 541A', 'ENGL 541B', 'ENGL 545A', 'ENGL 545B', 'ENGL 545D', 'ENGL 546A', 'ENGL 547A', 'ENGL 547B', 'ENGL 547C', 'ENGL 549A', 'ENGL 551A', 'ENGL 553B', 'ENGL 555A', 'ENGL 561B', 'ENGL 565A', 'ENGL 649']"
94,Faculty of Education,EDST,"['ENPH 259', 'ENPH 352', 'ENPH 353', 'ENPH 459', 'ENPH 479', 'ENPH 480', 'ENPH 481']"
95,Faculty of Education,EDUC,"['ENVE 200', 'ENVE 201', 'ENVE 202', 'ENVE 203']"
96,Faculty of Applied Science,EECE,"['ENVR 200', 'ENVR 300', 'ENVR 400', 'ENVR 410', 'ENVR 430', 'ENVR 440', 'ENVR 448A', 'ENVR 448C', 'ENVR 449']"
97,Faculty of Applied Science,ELEC,"['EOSC 110', 'EOSC 111', 'EOSC 112', 'EOSC 114', 'EOSC 116', 'EOSC 118', 'EOSC 210', 'EOSC 211', 'EOSC 212', 'EOSC 213', 'EOSC 220', 'EOSC 221', 'EOSC 222', 'EOSC 223', 'EOSC 240', 'EOSC 250', 'EOSC 270', 'EOSC 310', 'EOSC 314', 'EOSC 315', 'EOSC 320', 'EOSC 321', 'EOSC 322', 'EOSC 323', 'EOSC 326', 'EOSC 328', 'EOSC 329', 'EOSC 330', 'EOSC 331', 'EOSC 332', 'EOSC 333', 'EOSC 340', 'EOSC 350', 'EOSC 352', 'EOSC 353', 'EOSC 354', 'EOSC 372', 'EOSC 373', 'EOSC 398', 'EOSC 399', 'EOSC 410', 'EOSC 425', 'EOSC 426', 'EOSC 428', 'EOSC 429', 'EOSC 432', 'EOSC 433', 'EOSC 434', 'EOSC 442', 'EOSC 445', 'EOSC 447', 'EOSC 448A', 'EOSC 448B', 'EOSC 448C', 'EOSC 448E', 'EOSC 449', 'EOSC 450', 'EOSC 453', 'EOSC 470', 'EOSC 471', 'EOSC 472', 'EOSC 473', 'EOSC 474', 'EOSC 475', 'EOSC 478', 'EOSC 498', 'EOSC 499', 'EOSC 510', 'EOSC 512', 'EOSC 515', 'EOSC 516', 'EOSC 520', 'EOSC 523', 'EOSC 529', 'EOSC 532', 'EOSC 533', 'EOSC 534', 'EOSC 536', 'EOSC 541', 'EOSC 545', 'EOSC 547', 'EOSC 548A', 'EOSC 548B', 'EOSC 549', 'EOSC 555B', 'EOSC 561', 'EOSC 562', 'EOSC 573', 'EOSC 575', 'EOSC 579', 'EOSC 584B', 'EOSC 595A', 'EOSC 595B', 'EOSC 595C', 'EOSC 595D', 'EOSC 595E', 'EOSC 595F', 'EOSC 595G', 'EOSC 595S', 'EOSC 598', 'EOSC 599', 'EOSC 649', 'EOSC 699']"
98,Regi,ELI,"['EPSE 301', 'EPSE 303', 'EPSE 308', 'EPSE 310A', 'EPSE 310B', 'EPSE 311', 'EPSE 312', 'EPSE 316', 'EPSE 317', 'EPSE 320', 'EPSE 348', 'EPSE 390A', 'EPSE 403', 'EPSE 406', 'EPSE 408', 'EPSE 411', 'EPSE 421', 'EPSE 426', 'EPSE 432', 'EPSE 436', 'EPSE 437', 'EPSE 449', 'EPSE 481', 'EPSE 482', 'EPSE 483', 'EPSE 501', 'EPSE 503', 'EPSE 505', 'EPSE 506', 'EPSE 512', 'EPSE 515A', 'EPSE 517', 'EPSE 518', 'EPSE 519', 'EPSE 526', 'EPSE 528', 'EPSE 531', 'EPSE 535', 'EPSE 543', 'EPSE 546', 'EPSE 549', 'EPSE 551A', 'EPSE 553', 'EPSE 557', 'EPSE 561F', 'EPSE 561H', 'EPSE 565I', 'EPSE 565T', 'EPSE 572', 'EPSE 574', 'EPSE 575', 'EPSE 576', 'EPSE 577', 'EPSE 578', 'EPSE 580A', 'EPSE 580B', 'EPSE 580D', 'EPSE 584', 'EPSE 585', 'EPSE 590', 'EPSE 591', 'EPSE 592', 'EPSE 593', 'EPSE 595', 'EPSE 596', 'EPSE 597', 'EPSE 598A', 'EPSE 598B', 'EPSE 598V', 'EPSE 599A', 'EPSE 604A', 'EPSE 606', 'EPSE 633', 'EPSE 683', 'EPSE 684', 'EPSE 687A', 'EPSE 687B', 'EPSE 687C', 'EPSE 687D', 'EPSE 688A', 'EPSE 689A', 'EPSE 699']"
99,Faculty of Comm and Bus Admin,EMBA *,"['ETEC 500', 'ETEC 510', 'ETEC 512', 'ETEC 520', 'ETEC 521', 'ETEC 522', 'ETEC 523', 'ETEC 524', 'ETEC 530', 'ETEC 531', 'ETEC 532', 'ETEC 533', 'ETEC 540', 'ETEC 542', 'ETEC 565A', 'ETEC 565B', 'ETEC 565D', 'ETEC 565E', 'ETEC 590']"
100,School of Arch and Landscape Arch,ENDS,"['EXCH 101', 'EXCH 370', 'EXCH 371', 'EXCH 372', 'EXCH 373', 'EXCH 375', 'EXCH 380', 'EXCH 383', 'EXCH 580', 'EXCH 581', 'EXCH 582']"
101,Faculty of Arts,ENGL,['EXGR 560']
102,Faculty of Science,ENPH,"['FCOR 500', 'FCOR 501', 'FCOR 502', 'FCOR 503', 'FCOR 599']"
103,Faculty of Applied Science,ENPP *,[]
104,Faculty of Applied Science,ENVE,"['FIPR 101', 'FIPR 131', 'FIPR 133', 'FIPR 230', 'FIPR 233', 'FIPR 234', 'FIPR 299A', 'FIPR 299B', 'FIPR 299C', 'FIPR 330', 'FIPR 333', 'FIPR 337', 'FIPR 338', 'FIPR 339', 'FIPR 399A', 'FIPR 399B', 'FIPR 399C', 'FIPR 433', 'FIPR 434', 'FIPR 436A', 'FIPR 436B', 'FIPR 437', 'FIPR 439', 'FIPR 469A', 'FIPR 469G', 'FIPR 469H', 'FIPR 533A', 'FIPR 533B', 'FIPR 534A', 'FIPR 534B', 'FIPR 536A', 'FIPR 536B', 'FIPR 547A', 'FIPR 547B', 'FIPR 549A', 'FIPR 549B', 'FIPR 549C']"
105,Faculty of Science,ENVR,"['FISH 500', 'FISH 501', 'FISH 505', 'FISH 506G', 'FISH 506H', 'FISH 507', 'FISH 510', 'FISH 549A', 'FISH 549B', 'FISH 699']"
106,Faculty of Science,EOSC,"['FIST 100', 'FIST 200', 'FIST 210', 'FIST 220', 'FIST 230', 'FIST 240', 'FIST 300', 'FIST 331', 'FIST 332', 'FIST 334', 'FIST 336', 'FIST 338A', 'FIST 340', 'FIST 430', 'FIST 432', 'FIST 436', 'FIST 445', 'FIST 449', 'FIST 500', 'FIST 534A', 'FIST 547A', 'FIST 547B', 'FIST 549A', 'FIST 549B', 'FIST 649']"
107,Faculty of Education,EPSE,"['FMST 210', 'FMST 238', 'FMST 312', 'FMST 314', 'FMST 316']"
108,Faculty of Education,ETEC,"['FNEL 180', 'FNEL 282', 'FNEL 381', 'FNEL 382', 'FNEL 448A', 'FNEL 448B', 'FNEL 481']"
109,Regi,EXCH,"['FNH 200', 'FNH 250', 'FNH 300', 'FNH 301', 'FNH 302', 'FNH 303', 'FNH 309', 'FNH 313', 'FNH 325', 'FNH 326', 'FNH 330', 'FNH 335', 'FNH 340', 'FNH 341', 'FNH 342', 'FNH 350', 'FNH 351', 'FNH 355', 'FNH 370', 'FNH 371', 'FNH 380', 'FNH 398', 'FNH 402', 'FNH 403', 'FNH 405', 'FNH 413', 'FNH 415', 'FNH 419', 'FNH 425', 'FNH 430', 'FNH 436', 'FNH 440', 'FNH 451', 'FNH 455', 'FNH 470', 'FNH 472', 'FNH 473', 'FNH 474', 'FNH 475', 'FNH 477', 'FNH 480', 'FNH 481', 'FNH 482', 'FNH 490', 'FNH 497A', 'FNH 497B', 'FNH 497E', 'FNH 499']"
110,Regi,EXGR,"['FNIS 100', 'FNIS 210', 'FNIS 220', 'FNIS 310', 'FNIS 320', 'FNIS 400', 'FNIS 401C', 'FNIS 452', 'FNIS 454', 'FNIS 501A', 'FNIS 501B', 'FNIS 501C', 'FNIS 501F']"
111,Faculty of Arts,FACT *,"['FOOD 500', 'FOOD 510', 'FOOD 511', 'FOOD 512', 'FOOD 515', 'FOOD 519', 'FOOD 520', 'FOOD 521', 'FOOD 522', 'FOOD 523', 'FOOD 524', 'FOOD 525', 'FOOD 527A', 'FOOD 528', 'FOOD 529', 'FOOD 530A', 'FOOD 530B', 'FOOD 530C', 'FOOD 530D', 'FOOD 531', 'FOOD 549', 'FOOD 600', 'FOOD 649']"
112,Faculty of Forestry,FCOR,"['FOPR 264', 'FOPR 362', 'FOPR 388', 'FOPR 464']"
113,Faculty of Forestry,FEBC,"['FRE 295', 'FRE 302', 'FRE 306', 'FRE 326', 'FRE 340', 'FRE 374', 'FRE 385', 'FRE 394', 'FRE 420', 'FRE 460', 'FRE 474', 'FRE 490', 'FRE 500', 'FRE 501', 'FRE 502', 'FRE 515', 'FRE 516', 'FRE 517', 'FRE 518', 'FRE 521C', 'FRE 521D', 'FRE 521E', 'FRE 522', 'FRE 523', 'FRE 526', 'FRE 527', 'FRE 528', 'FRE 529', 'FRE 585', 'FRE 600']"
114,Faculty of Arts,FHIS *,"['FREN 101', 'FREN 102', 'FREN 111', 'FREN 112', 'FREN 122', 'FREN 123', 'FREN 220', 'FREN 221', 'FREN 222', 'FREN 223', 'FREN 224', 'FREN 225', 'FREN 328', 'FREN 329', 'FREN 330', 'FREN 335', 'FREN 346', 'FREN 348', 'FREN 349', 'FREN 351', 'FREN 353', 'FREN 355', 'FREN 370', 'FREN 371', 'FREN 380', 'FREN 407', 'FREN 408A', 'FREN 413A', 'FREN 420A', 'FREN 430A', 'FREN 470A', 'FREN 484A', 'FREN 495', 'FREN 499', 'FREN 502A', 'FREN 510A', 'FREN 512A', 'FREN 514A', 'FREN 578A', 'FREN 599A', 'FREN 599B', 'FREN 699']"
115,Faculty of Arts,FIPR,"['FRST 100', 'FRST 101', 'FRST 110', 'FRST 150', 'FRST 200', 'FRST 201', 'FRST 210', 'FRST 211', 'FRST 231', 'FRST 232', 'FRST 239', 'FRST 248', 'FRST 302', 'FRST 303', 'FRST 304', 'FRST 305', 'FRST 307', 'FRST 308', 'FRST 309', 'FRST 310', 'FRST 311', 'FRST 318', 'FRST 319', 'FRST 320', 'FRST 339', 'FRST 346', 'FRST 347', 'FRST 348', 'FRST 350', 'FRST 351', 'FRST 370', 'FRST 385', 'FRST 386', 'FRST 395', 'FRST 399', 'FRST 402', 'FRST 408', 'FRST 411', 'FRST 415', 'FRST 421', 'FRST 422', 'FRST 423', 'FRST 430', 'FRST 432', 'FRST 439', 'FRST 443', 'FRST 444', 'FRST 446', 'FRST 447', 'FRST 448', 'FRST 449A', 'FRST 449B', 'FRST 449C', 'FRST 449D', 'FRST 449E', 'FRST 449F', 'FRST 452', 'FRST 490', 'FRST 492', 'FRST 495', 'FRST 497', 'FRST 498', 'FRST 499', 'FRST 500', 'FRST 506', 'FRST 507C', 'FRST 508', 'FRST 519', 'FRST 522', 'FRST 523', 'FRST 524', 'FRST 531', 'FRST 532C', 'FRST 533C', 'FRST 534', 'FRST 537C', 'FRST 538', 'FRST 543', 'FRST 544', 'FRST 545', 'FRST 548A', 'FRST 548B', 'FRST 549A', 'FRST 549B', 'FRST 549C', 'FRST 550B', 'FRST 550C', 'FRST 551', 'FRST 553', 'FRST 555', 'FRST 556', 'FRST 557', 'FRST 558', 'FRST 559', 'FRST 560', 'FRST 562', 'FRST 580C', 'FRST 649']"
116,Faculty of Science,FISH,"['FSCT 280', 'FSCT 290', 'FSCT 380', 'FSCT 390', 'FSCT 398', 'FSCT 399', 'FSCT 480', 'FSCT 490', 'FSCT 498', 'FSCT 499']"
117,Faculty of Arts,FIST,['GBPR 501']
118,Faculty of Medicine,FMPR *,"['GEM 500', 'GEM 510', 'GEM 511', 'GEM 520', 'GEM 521', 'GEM 530', 'GEM 540']"
119,Faculty of Arts,FMST,"['GENE 549C', 'GENE 649']"
120,Faculty of Arts,FNEL,"['GEOB 102', 'GEOB 103', 'GEOB 200', 'GEOB 206', 'GEOB 207', 'GEOB 270', 'GEOB 300', 'GEOB 305', 'GEOB 307', 'GEOB 308', 'GEOB 309', 'GEOB 370', 'GEOB 372', 'GEOB 373', 'GEOB 402', 'GEOB 405', 'GEOB 407', 'GEOB 448A', 'GEOB 448B', 'GEOB 449A', 'GEOB 449B', 'GEOB 472', 'GEOB 479', 'GEOB 500', 'GEOB 503A', 'GEOB 504A', 'GEOB 505', 'GEOB 507A', 'GEOB 508A']"
121,Faculty of Land and Food Systems,FNH,"['GEOG 121', 'GEOG 122', 'GEOG 211', 'GEOG 220', 'GEOG 250', 'GEOG 290', 'GEOG 310', 'GEOG 311', 'GEOG 312', 'GEOG 313', 'GEOG 314', 'GEOG 316', 'GEOG 318', 'GEOG 319', 'GEOG 321', 'GEOG 327', 'GEOG 329', 'GEOG 345', 'GEOG 350', 'GEOG 352', 'GEOG 353', 'GEOG 357', 'GEOG 362', 'GEOG 364', 'GEOG 371', 'GEOG 374', 'GEOG 380', 'GEOG 410', 'GEOG 412', 'GEOG 419', 'GEOG 423', 'GEOG 424', 'GEOG 446A', 'GEOG 446B', 'GEOG 448', 'GEOG 450', 'GEOG 497', 'GEOG 498', 'GEOG 514D', 'GEOG 520', 'GEOG 535', 'GEOG 547A', 'GEOG 547B', 'GEOG 547E', 'GEOG 548', 'GEOG 551', 'GEOG 560E', 'GEOG 575', 'GEOG 599', 'GEOG 699']"
122,Faculty of Arts,FNIS,"['GERM 100', 'GERM 110', 'GERM 200', 'GERM 206', 'GERM 210', 'GERM 300', 'GERM 301', 'GERM 302', 'GERM 303', 'GERM 304', 'GERM 310', 'GERM 313', 'GERM 314', 'GERM 325', 'GERM 370', 'GERM 390', 'GERM 404', 'GERM 408', 'GERM 411', 'GERM 412', 'GERM 414', 'GERM 426', 'GERM 433', 'GERM 500A', 'GERM 501A', 'GERM 514A', 'GERM 520A', 'GERM 531B', 'GERM 547B', 'GERM 548', 'GERM 549', 'GERM 649']"
123,Faculty of Land and Food Systems,FOOD,"['GREK 101', 'GREK 102', 'GREK 201', 'GREK 202', 'GREK 351', 'GREK 352', 'GREK 401D', 'GREK 501D', 'GREK 503A', 'GREK 649']"
124,Faculty of Forestry,FOPR,"['GRS 290', 'GRS 390', 'GRS 397A', 'GRS 397B', 'GRS 490', 'GRS 497B', 'GRS 497E']"
125,Faculty of Land and Food Systems,FRE,"['GRSJ 101', 'GRSJ 102', 'GRSJ 200', 'GRSJ 224B', 'GRSJ 224C', 'GRSJ 224F', 'GRSJ 230', 'GRSJ 235', 'GRSJ 300', 'GRSJ 301', 'GRSJ 303', 'GRSJ 305', 'GRSJ 306', 'GRSJ 307', 'GRSJ 310', 'GRSJ 311', 'GRSJ 315', 'GRSJ 316', 'GRSJ 320', 'GRSJ 325', 'GRSJ 326', 'GRSJ 327', 'GRSJ 328', 'GRSJ 401', 'GRSJ 410', 'GRSJ 415', 'GRSJ 422', 'GRSJ 450A', 'GRSJ 450B', 'GRSJ 450C', 'GRSJ 480', 'GRSJ 500', 'GRSJ 501', 'GRSJ 502', 'GRSJ 505A', 'GRSJ 505B', 'GRSJ 505C', 'GRSJ 505E', 'GRSJ 510', 'GRSJ 515A', 'GRSJ 520B', 'GRSJ 606']"
126,Faculty of Arts,FREN,"['GSAT 501', 'GSAT 502', 'GSAT 503', 'GSAT 540', 'GSAT 599', 'GSAT 699']"
127,Faculty of Forestry,FRSI *,"['HEBR 101', 'HEBR 102']"
128,Faculty of Forestry,FRST,"['HGSE 352', 'HGSE 359', 'HGSE 360', 'HGSE 361', 'HGSE 370', 'HGSE 371']"
129,Faculty of Medicine,FSCT,"['HINU 102', 'HINU 200']"
130,Faculty of Applied Science,GBPR,"['HIST 100', 'HIST 102', 'HIST 103', 'HIST 104A', 'HIST 104B', 'HIST 104D', 'HIST 104E', 'HIST 104F', 'HIST 104G', 'HIST 104H', 'HIST 105G', 'HIST 106', 'HIST 108', 'HIST 202B', 'HIST 220A', 'HIST 235', 'HIST 236', 'HIST 237A', 'HIST 240', 'HIST 241', 'HIST 250A', 'HIST 256', 'HIST 260', 'HIST 270A', 'HIST 271', 'HIST 273', 'HIST 304', 'HIST 305', 'HIST 310', 'HIST 313', 'HIST 317', 'HIST 319', 'HIST 321A', 'HIST 321B', 'HIST 321D', 'HIST 323', 'HIST 324', 'HIST 325', 'HIST 326', 'HIST 333A', 'HIST 333B', 'HIST 333C', 'HIST 341', 'HIST 346', 'HIST 350', 'HIST 351A', 'HIST 352', 'HIST 356', 'HIST 357', 'HIST 358', 'HIST 363', 'HIST 365', 'HIST 366', 'HIST 368', 'HIST 369', 'HIST 370', 'HIST 373', 'HIST 376A', 'HIST 379', 'HIST 380C', 'HIST 382', 'HIST 385', 'HIST 390B', 'HIST 390D', 'HIST 391', 'HIST 393', 'HIST 394', 'HIST 396', 'HIST 399A', 'HIST 402A', 'HIST 402B', 'HIST 403A', 'HIST 403B', 'HIST 403D', 'HIST 403E', 'HIST 403F', 'HIST 403G', 'HIST 403J', 'HIST 403K', 'HIST 403L', 'HIST 405', 'HIST 406', 'HIST 408', 'HIST 409', 'HIST 413', 'HIST 415', 'HIST 419', 'HIST 420D', 'HIST 421A', 'HIST 421B', 'HIST 421D', 'HIST 425', 'HIST 432', 'HIST 433', 'HIST 440', 'HIST 441', 'HIST 449', 'HIST 450A', 'HIST 460', 'HIST 478', 'HIST 485', 'HIST 490A', 'HIST 490B', 'HIST 490R', 'HIST 490T', 'HIST 490W', 'HIST 490Y', 'HIST 500', 'HIST 547D', 'HIST 548D', 'HIST 549', 'HIST 575A', 'HIST 575B', 'HIST 595A', 'HIST 597B', 'HIST 599', 'HIST 649', 'HIST 699']"
131,Faculty of Forestry,GEM,"['HPB 501', 'HPB 502', 'HPB 504', 'HPB 506']"
132,Faculty of Medicine,GENE,"['HUNU 500', 'HUNU 505', 'HUNU 531', 'HUNU 547B', 'HUNU 547E', 'HUNU 549', 'HUNU 631', 'HUNU 649']"
133,Faculty of Arts,GEOB,[]
134,Faculty of Arts,GEOG,"['IGEN 201', 'IGEN 230', 'IGEN 330', 'IGEN 430', 'IGEN 450', 'IGEN 451', 'IGEN 452']"
135,Faculty of Arts,GERM,"['INDS 502E', 'INDS 502K', 'INDS 502S', 'INDS 502U', 'INDS 530B', 'INDS 530C', 'INDS 530D', 'INDS 549A', 'INDS 549B', 'INDS 649']"
136,Faculty of Arts,GREK,"['INFO 250', 'INFO 419', 'INFO 456']"
137,Faculty of Land and Food Systems,GRS,"['INLB 201A', 'INLB 201B', 'INLB 210', 'INLB 220', 'INLB 252', 'INLB 310', 'INLB 320', 'INLB 401A', 'INLB 401B', 'INLB 452']"
138,Faculty of Arts,GRSJ,"['ISCI 300', 'ISCI 311', 'ISCI 312', 'ISCI 320', 'ISCI 330A', 'ISCI 330B', 'ISCI 350', 'ISCI 360', 'ISCI 398', 'ISCI 399', 'ISCI 433', 'ISCI 448A', 'ISCI 448B', 'ISCI 448C', 'ISCI 448D', 'ISCI 448E', 'ISCI 448J', 'ISCI 490', 'ISCI 498', 'ISCI 499']"
139,Faculty of Science,GSAT,"['ITAL 101', 'ITAL 102', 'ITAL 201', 'ITAL 202', 'ITAL 301', 'ITAL 302', 'ITAL 304', 'ITAL 401', 'ITAL 404']"
140,Faculty of Arts,HEBR,"['ITST 110', 'ITST 232', 'ITST 333', 'ITST 345', 'ITST 377', 'ITST 385', 'ITST 414', 'ITST 419']"
141,Faculty of Arts,HESO *,"['IWME 504', 'IWME 505']"
142,Faculty of Forestry,HGSE,"['JAPN 100', 'JAPN 101', 'JAPN 160', 'JAPN 200', 'JAPN 201', 'JAPN 260', 'JAPN 320', 'JAPN 321', 'JAPN 322', 'JAPN 323', 'JAPN 360', 'JAPN 361', 'JAPN 400', 'JAPN 401', 'JAPN 402', 'JAPN 422', 'JAPN 450', 'JAPN 452', 'JAPN 453', 'JAPN 456']"
143,Faculty of Arts,HINU,"['JRNL 100A', 'JRNL 400', 'JRNL 420', 'JRNL 503B', 'JRNL 515D', 'JRNL 515E', 'JRNL 520A', 'JRNL 520D', 'JRNL 520H', 'JRNL 520I', 'JRNL 520V', 'JRNL 520X', 'JRNL 533', 'JRNL 534', 'JRNL 539B', 'JRNL 539C', 'JRNL 539Q', 'JRNL 548', 'JRNL 549A', 'JRNL 550', 'JRNL 555A', 'JRNL 555D']"
144,Faculty of Arts,HIST,"['KIN 110', 'KIN 120', 'KIN 131', 'KIN 132', 'KIN 140', 'KIN 150', 'KIN 160', 'KIN 170', 'KIN 205', 'KIN 206', 'KIN 211', 'KIN 216', 'KIN 232', 'KIN 235', 'KIN 262', 'KIN 270', 'KIN 300', 'KIN 313', 'KIN 316', 'KIN 320', 'KIN 335', 'KIN 341', 'KIN 342', 'KIN 344', 'KIN 345', 'KIN 355', 'KIN 360', 'KIN 363', 'KIN 364', 'KIN 368', 'KIN 370', 'KIN 411', 'KIN 420', 'KIN 424', 'KIN 432', 'KIN 435', 'KIN 438', 'KIN 442', 'KIN 444', 'KIN 460', 'KIN 464', 'KIN 467', 'KIN 470', 'KIN 472', 'KIN 483A', 'KIN 484A', 'KIN 486A', 'KIN 488', 'KIN 490', 'KIN 492', 'KIN 500A', 'KIN 500D', 'KIN 500F', 'KIN 500V', 'KIN 516', 'KIN 530A', 'KIN 530B', 'KIN 562', 'KIN 564', 'KIN 567', 'KIN 570', 'KIN 571', 'KIN 572', 'KIN 585', 'KIN 586', 'KIN 595', 'KIN 596', 'KIN 598', 'KIN 599', 'KIN 699']"
145,Faculty of Applied Science,HPB,"['KORN 102', 'KORN 200', 'KORN 201', 'KORN 301', 'KORN 302', 'KORN 410A', 'KORN 410B', 'KORN 420', 'KORN 440A', 'KORN 440B']"
146,Faculty of Land and Food Systems,HUNU,"['LAIS 605', 'LAIS 607', 'LAIS 608', 'LAIS 609B', 'LAIS 620', 'LAIS 621', 'LAIS 699']"
147,Faculty of Arts,IAR,"['LARC 316', 'LARC 415', 'LARC 431', 'LARC 440', 'LARC 444', 'LARC 501', 'LARC 502', 'LARC 503', 'LARC 504', 'LARC 505', 'LARC 511', 'LARC 515', 'LARC 522', 'LARC 523', 'LARC 525', 'LARC 531', 'LARC 532', 'LARC 540', 'LARC 541', 'LARC 542', 'LARC 551', 'LARC 553', 'LARC 570A', 'LARC 570C', 'LARC 580B', 'LARC 581B', 'LARC 582H', 'LARC 582R', 'LARC 595', 'LARC 598', 'LARC 599']"
148,Faculty of Arts,IEST *,"['LASO 204', 'LASO 309', 'LASO 350A']"
149,Faculty of Applied Science,IGEN,"['LAST 100', 'LAST 201', 'LAST 303']"
150,Faculty of Arts,INDO *,"['LATN 101', 'LATN 102', 'LATN 201', 'LATN 202', 'LATN 350', 'LATN 351', 'LATN 402C', 'LATN 403A', 'LATN 502C', 'LATN 503A', 'LATN 649']"
151,Faculty of Grad and Pdoc Studies,INDS,"['LAW 200', 'LAW 211', 'LAW 221', 'LAW 231', 'LAW 241', 'LAW 261', 'LAW 271', 'LAW 281', 'LAW 291', 'LAW 300', 'LAW 303', 'LAW 305D', 'LAW 306D', 'LAW 307D', 'LAW 310D', 'LAW 312D', 'LAW 316D', 'LAW 319D', 'LAW 323D', 'LAW 324D', 'LAW 325', 'LAW 334', 'LAW 336', 'LAW 338D', 'LAW 342D', 'LAW 343C', 'LAW 343D', 'LAW 352', 'LAW 353D', 'LAW 356', 'LAW 358C', 'LAW 358D', 'LAW 359', 'LAW 363D', 'LAW 367', 'LAW 368D', 'LAW 372', 'LAW 374', 'LAW 377', 'LAW 378D', 'LAW 379A', 'LAW 379B', 'LAW 379D', 'LAW 379E', 'LAW 379G', 'LAW 380A', 'LAW 380B', 'LAW 380C', 'LAW 382', 'LAW 383', 'LAW 386D', 'LAW 387C', 'LAW 391D', 'LAW 392', 'LAW 393D', 'LAW 394', 'LAW 400', 'LAW 401D', 'LAW 403', 'LAW 407', 'LAW 408', 'LAW 409', 'LAW 410', 'LAW 411D', 'LAW 412', 'LAW 413D', 'LAW 414', 'LAW 416', 'LAW 419C', 'LAW 422', 'LAW 423C', 'LAW 424', 'LAW 425D', 'LAW 426D', 'LAW 430', 'LAW 432D', 'LAW 434', 'LAW 435C', 'LAW 435D', 'LAW 436', 'LAW 437', 'LAW 438', 'LAW 439', 'LAW 440', 'LAW 442', 'LAW 443', 'LAW 444', 'LAW 446', 'LAW 447C', 'LAW 451', 'LAW 452', 'LAW 455', 'LAW 459', 'LAW 460', 'LAW 461', 'LAW 462', 'LAW 463', 'LAW 464', 'LAW 465', 'LAW 466', 'LAW 467C', 'LAW 467D', 'LAW 468', 'LAW 469', 'LAW 470', 'LAW 471D', 'LAW 472', 'LAW 473', 'LAW 474', 'LAW 476', 'LAW 477', 'LAW 478', 'LAW 481D', 'LAW 488', 'LAW 489', 'LAW 490', 'LAW 493B', 'LAW 494B', 'LAW 494E', 'LAW 495B', 'LAW 496B', 'LAW 500', 'LAW 501E', 'LAW 503E', 'LAW 504', 'LAW 505', 'LAW 506', 'LAW 507', 'LAW 508D', 'LAW 509', 'LAW 511D', 'LAW 515', 'LAW 519', 'LAW 524D', 'LAW 525', 'LAW 530', 'LAW 537', 'LAW 538', 'LAW 540', 'LAW 547C', 'LAW 549', 'LAW 550', 'LAW 551', 'LAW 553C', 'LAW 554C', 'LAW 556C', 'LAW 559D', 'LAW 560D', 'LAW 561', 'LAW 562', 'LAW 563', 'LAW 564', 'LAW 565', 'LAW 566', 'LAW 567', 'LAW 568C', 'LAW 569A', 'LAW 569C', 'LAW 570C', 'LAW 571', 'LAW 572', 'LAW 574', 'LAW 576', 'LAW 577', 'LAW 578', 'LAW 587C', 'LAW 588', 'LAW 590', 'LAW 592', 'LAW 599', 'LAW 610C', 'LAW 611C', 'LAW 649']"
152,Faculty of Arts,INFO,"['LFS 100', 'LFS 101', 'LFS 110', 'LFS 150', 'LFS 250', 'LFS 252', 'LFS 302A', 'LFS 302B', 'LFS 340', 'LFS 350', 'LFS 398', 'LFS 399', 'LFS 400', 'LFS 402', 'LFS 450', 'LFS 490', 'LFS 496A', 'LFS 496B', 'LFS 498', 'LFS 499', 'LFS 549', 'LFS 649']"
153,Faculty of Arts,INLB,"['LIBE 461', 'LIBE 463', 'LIBE 465', 'LIBE 467', 'LIBE 477B', 'LIBE 580A', 'LIBE 580B', 'LIBE 580C', 'LIBE 590', 'LIBE 598A', 'LIBE 599C', 'LIBE 599D']"
154,Faculty of Science,ISCI,"['LIBR 504', 'LIBR 506', 'LIBR 507', 'LIBR 508', 'LIBR 509', 'LIBR 511', 'LIBR 514J', 'LIBR 514K', 'LIBR 514L', 'LIBR 520', 'LIBR 526', 'LIBR 527', 'LIBR 533', 'LIBR 534', 'LIBR 535', 'LIBR 539H', 'LIBR 541', 'LIBR 548F', 'LIBR 554', 'LIBR 555', 'LIBR 556', 'LIBR 557', 'LIBR 559C', 'LIBR 559L', 'LIBR 559T', 'LIBR 561', 'LIBR 564', 'LIBR 569C', 'LIBR 570', 'LIBR 571', 'LIBR 574', 'LIBR 576', 'LIBR 579J', 'LIBR 580', 'LIBR 587', 'LIBR 588', 'LIBR 592', 'LIBR 593D', 'LIBR 593E', 'LIBR 594', 'LIBR 595', 'LIBR 596', 'LIBR 597', 'LIBR 599A', 'LIBR 599B']"
155,Faculty of Arts,ITAL,"['LING 100', 'LING 101', 'LING 140', 'LING 170', 'LING 200', 'LING 201', 'LING 209', 'LING 222', 'LING 242', 'LING 270', 'LING 300', 'LING 308', 'LING 311', 'LING 313', 'LING 314', 'LING 319', 'LING 327', 'LING 333', 'LING 342', 'LING 345', 'LING 405', 'LING 410', 'LING 421', 'LING 425', 'LING 431', 'LING 432', 'LING 433', 'LING 445', 'LING 447C', 'LING 447F', 'LING 447R', 'LING 447U', 'LING 447V', 'LING 448A', 'LING 448C', 'LING 449', 'LING 451', 'LING 452', 'LING 505A', 'LING 508', 'LING 510', 'LING 511', 'LING 518', 'LING 520', 'LING 525', 'LING 527', 'LING 530G', 'LING 530H', 'LING 530I', 'LING 530J', 'LING 530K', 'LING 531', 'LING 532', 'LING 546A', 'LING 546C', 'LING 549C', 'LING 649']"
156,Faculty of Arts,ITST,"['LLED 200', 'LLED 201', 'LLED 315A', 'LLED 325A', 'LLED 336', 'LLED 350', 'LLED 351', 'LLED 352', 'LLED 353', 'LLED 360', 'LLED 361', 'LLED 366', 'LLED 367', 'LLED 371', 'LLED 372', 'LLED 381', 'LLED 386', 'LLED 388', 'LLED 399', 'LLED 402', 'LLED 423', 'LLED 439', 'LLED 441', 'LLED 446', 'LLED 454', 'LLED 459', 'LLED 462', 'LLED 469', 'LLED 478A', 'LLED 478B', 'LLED 479', 'LLED 480E', 'LLED 481', 'LLED 489A', 'LLED 489B', 'LLED 491A', 'LLED 491B', 'LLED 491C', 'LLED 492A', 'LLED 492B', 'LLED 492C', 'LLED 493A', 'LLED 493B', 'LLED 493C', 'LLED 520A', 'LLED 521', 'LLED 526', 'LLED 553', 'LLED 556A', 'LLED 558', 'LLED 565D', 'LLED 565E', 'LLED 565R', 'LLED 565S', 'LLED 570', 'LLED 572A', 'LLED 573A', 'LLED 574', 'LLED 577', 'LLED 580A', 'LLED 580B', 'LLED 580C', 'LLED 580D', 'LLED 590', 'LLED 599', 'LLED 601', 'LLED 602', 'LLED 699']"
157,Faculty of Applied Science,IWME,"['LWS 501', 'LWS 510', 'LWS 515', 'LWS 517', 'LWS 548', 'LWS 550']"
158,Faculty of Arts,JAPN,"['MANU 201', 'MANU 230', 'MANU 265', 'MANU 330', 'MANU 378', 'MANU 380', 'MANU 386']"
159,"School of Journalism,Writing,Andmedia",JRNL,"['MATH 100', 'MATH 101', 'MATH 102', 'MATH 103', 'MATH 104', 'MATH 105', 'MATH 110', 'MATH 120', 'MATH 121', 'MATH 152', 'MATH 180', 'MATH 184', 'MATH 190', 'MATH 200', 'MATH 210', 'MATH 215', 'MATH 217', 'MATH 220', 'MATH 221', 'MATH 223', 'MATH 226', 'MATH 227', 'MATH 253', 'MATH 254', 'MATH 255', 'MATH 256', 'MATH 257', 'MATH 258', 'MATH 264', 'MATH 300', 'MATH 301', 'MATH 302', 'MATH 303', 'MATH 305', 'MATH 307', 'MATH 309', 'MATH 312', 'MATH 316', 'MATH 317', 'MATH 318', 'MATH 320', 'MATH 321', 'MATH 322', 'MATH 323', 'MATH 335', 'MATH 340', 'MATH 341', 'MATH 342', 'MATH 344', 'MATH 358', 'MATH 361', 'MATH 398', 'MATH 399', 'MATH 400', 'MATH 401', 'MATH 404', 'MATH 405', 'MATH 406', 'MATH 414', 'MATH 418', 'MATH 419', 'MATH 420', 'MATH 421', 'MATH 422', 'MATH 423', 'MATH 424', 'MATH 425', 'MATH 426', 'MATH 427', 'MATH 437', 'MATH 440', 'MATH 441', 'MATH 442', 'MATH 443', 'MATH 444', 'MATH 448A', 'MATH 449D', 'MATH 498', 'MATH 499', 'MATH 501', 'MATH 502', 'MATH 507', 'MATH 508', 'MATH 510', 'MATH 516', 'MATH 521', 'MATH 525', 'MATH 526', 'MATH 527', 'MATH 532', 'MATH 533', 'MATH 537', 'MATH 541', 'MATH 542', 'MATH 544', 'MATH 545', 'MATH 549A', 'MATH 549B', 'MATH 552', 'MATH 559', 'MATH 564', 'MATH 567', 'MATH 589', 'MATH 599', 'MATH 603D', 'MATH 605D', 'MATH 607E', 'MATH 608D', 'MATH 610D', 'MATH 612D', 'MATH 613D', 'MATH 616D', 'MATH 620A', 'MATH 620B', 'MATH 649']"
160,School of Kinesiology,KIN,"['MDVL 301', 'MDVL 449A']"
161,Faculty of Arts,KORN,"['MECH 221', 'MECH 222', 'MECH 223', 'MECH 224', 'MECH 225', 'MECH 226', 'MECH 230', 'MECH 232', 'MECH 233', 'MECH 260', 'MECH 280', 'MECH 305', 'MECH 306', 'MECH 325', 'MECH 327', 'MECH 328', 'MECH 329', 'MECH 358', 'MECH 360', 'MECH 366', 'MECH 368', 'MECH 375', 'MECH 380', 'MECH 386', 'MECH 392', 'MECH 410A', 'MECH 410C', 'MECH 410D', 'MECH 410F', 'MECH 410K', 'MECH 410R', 'MECH 410U', 'MECH 420', 'MECH 421', 'MECH 423', 'MECH 426', 'MECH 431', 'MECH 433', 'MECH 435', 'MECH 436', 'MECH 439', 'MECH 445', 'MECH 454', 'MECH 457', 'MECH 458', 'MECH 459', 'MECH 462', 'MECH 463', 'MECH 464', 'MECH 466', 'MECH 467', 'MECH 468', 'MECH 469', 'MECH 470', 'MECH 473', 'MECH 477', 'MECH 478', 'MECH 479', 'MECH 481', 'MECH 485', 'MECH 488', 'MECH 489', 'MECH 491', 'MECH 493', 'MECH 495', 'MECH 496', 'MECH 500A', 'MECH 501', 'MECH 502', 'MECH 503', 'MECH 506', 'MECH 509', 'MECH 514', 'MECH 520', 'MECH 521', 'MECH 526', 'MECH 527', 'MECH 529', 'MECH 533', 'MECH 536', 'MECH 540A', 'MECH 540B', 'MECH 540C', 'MECH 540D', 'MECH 541', 'MECH 542', 'MECH 544', 'MECH 563', 'MECH 570B', 'MECH 570C', 'MECH 577', 'MECH 581', 'MECH 582', 'MECH 586', 'MECH 587', 'MECH 591A', 'MECH 591B', 'MECH 591C', 'MECH 591D', 'MECH 598', 'MECH 599B', 'MECH 698', 'MECH 699']"
162,School of Information,LAIS,"['MEDD 411', 'MEDD 412', 'MEDD 419', 'MEDD 421', 'MEDD 422', 'MEDD 429', 'MEDD 431', 'MEDD 441', 'MEDD 442', 'MEDD 443', 'MEDD 444', 'MEDD 445', 'MEDD 446', 'MEDD 448', 'MEDD 451']"
163,School of Arch and Landscape Arch,LARC,"['MEDG 419', 'MEDG 420', 'MEDG 421', 'MEDG 448A', 'MEDG 448B', 'MEDG 448C', 'MEDG 505', 'MEDG 520', 'MEDG 521', 'MEDG 530', 'MEDG 535', 'MEDG 545', 'MEDG 548A', 'MEDG 548B', 'MEDG 548C', 'MEDG 548D', 'MEDG 548E', 'MEDG 549', 'MEDG 550', 'MEDG 560', 'MEDG 565', 'MEDG 570', 'MEDG 575', 'MEDG 580', 'MEDG 595', 'MEDG 649']"
164,Faculty of Arts,LASO,"['MEDI 501', 'MEDI 502', 'MEDI 503', 'MEDI 520', 'MEDI 530', 'MEDI 535', 'MEDI 548A', 'MEDI 548B', 'MEDI 548C', 'MEDI 548D', 'MEDI 549', 'MEDI 560', 'MEDI 570', 'MEDI 590', 'MEDI 649']"
165,Faculty of Arts,LAST,['MES 300']
166,Faculty of Arts,LATN,"['MICB 201', 'MICB 202', 'MICB 203', 'MICB 301', 'MICB 302', 'MICB 306', 'MICB 308', 'MICB 322', 'MICB 323', 'MICB 325', 'MICB 353', 'MICB 398', 'MICB 399', 'MICB 401', 'MICB 402', 'MICB 404', 'MICB 405', 'MICB 406', 'MICB 407', 'MICB 408', 'MICB 412', 'MICB 413', 'MICB 418', 'MICB 421', 'MICB 425', 'MICB 430A', 'MICB 447', 'MICB 448A', 'MICB 448B', 'MICB 448C', 'MICB 449', 'MICB 498', 'MICB 499', 'MICB 502', 'MICB 505', 'MICB 506C', 'MICB 506D', 'MICB 507', 'MICB 549', 'MICB 649']"
167,Peter A. Allard School of Law,LAW,"['MIDW 101', 'MIDW 102', 'MIDW 103', 'MIDW 104', 'MIDW 106', 'MIDW 107', 'MIDW 108', 'MIDW 115', 'MIDW 120', 'MIDW 125', 'MIDW 200', 'MIDW 201', 'MIDW 210', 'MIDW 215', 'MIDW 230', 'MIDW 240', 'MIDW 305', 'MIDW 310', 'MIDW 320', 'MIDW 322', 'MIDW 325', 'MIDW 350A', 'MIDW 360', 'MIDW 380', 'MIDW 405', 'MIDW 420', 'MIDW 435', 'MIDW 440', 'MIDW 499A', 'MIDW 499C', 'MIDW 499I', 'MIDW 499K']"
168,Faculty of Land and Food Systems,LFS,"['MINE 224', 'MINE 291', 'MINE 292', 'MINE 293', 'MINE 302', 'MINE 303', 'MINE 304', 'MINE 310', 'MINE 331', 'MINE 333', 'MINE 350', 'MINE 393', 'MINE 396', 'MINE 402', 'MINE 403', 'MINE 404', 'MINE 406', 'MINE 420', 'MINE 432', 'MINE 434', 'MINE 438', 'MINE 455', 'MINE 462', 'MINE 465', 'MINE 470', 'MINE 480', 'MINE 485', 'MINE 486', 'MINE 491', 'MINE 493', 'MINE 497A', 'MINE 497H', 'MINE 497P', 'MINE 497R', 'MINE 497S', 'MINE 497T', 'MINE 501A', 'MINE 501B', 'MINE 504', 'MINE 505', 'MINE 506', 'MINE 507', 'MINE 508', 'MINE 509', 'MINE 520', 'MINE 521', 'MINE 522', 'MINE 522A', 'MINE 522B', 'MINE 524', 'MINE 529', 'MINE 541', 'MINE 547', 'MINE 552', 'MINE 553', 'MINE 554', 'MINE 555', 'MINE 559', 'MINE 588', 'MINE 589', 'MINE 590A', 'MINE 590D', 'MINE 590E', 'MINE 590F', 'MINE 590J', 'MINE 590L', 'MINE 590M', 'MINE 590N', 'MINE 590P', 'MINE 590Q', 'MINE 590R', 'MINE 590T', 'MINE 590U', 'MINE 590X', 'MINE 590Y', 'MINE 592A', 'MINE 592B', 'MINE 592C', 'MINE 597', 'MINE 598', 'MINE 599C', 'MINE 698', 'MINE 699']"
169,Faculty of Education,LIBE,"['MRNE 400A', 'MRNE 415', 'MRNE 425', 'MRNE 437']"
170,School of Information,LIBR,"['MTRL 201', 'MTRL 250', 'MTRL 252', 'MTRL 263', 'MTRL 264', 'MTRL 280', 'MTRL 340', 'MTRL 350', 'MTRL 358', 'MTRL 359', 'MTRL 361', 'MTRL 363', 'MTRL 365', 'MTRL 378', 'MTRL 381', 'MTRL 382', 'MTRL 392', 'MTRL 394', 'MTRL 398', 'MTRL 442', 'MTRL 451', 'MTRL 455', 'MTRL 456', 'MTRL 458', 'MTRL 460', 'MTRL 466', 'MTRL 467', 'MTRL 471', 'MTRL 472', 'MTRL 475', 'MTRL 478', 'MTRL 485', 'MTRL 486', 'MTRL 489', 'MTRL 494', 'MTRL 495', 'MTRL 515', 'MTRL 517', 'MTRL 557', 'MTRL 559', 'MTRL 571', 'MTRL 578', 'MTRL 579', 'MTRL 592B', 'MTRL 592E', 'MTRL 593B', 'MTRL 594', 'MTRL 595', 'MTRL 596', 'MTRL 597', 'MTRL 598', 'MTRL 599', 'MTRL 699']"
171,Faculty of Arts,LING,"['MUSC 100', 'MUSC 101', 'MUSC 103', 'MUSC 105', 'MUSC 106', 'MUSC 107C', 'MUSC 108', 'MUSC 112', 'MUSC 119', 'MUSC 120', 'MUSC 121', 'MUSC 122', 'MUSC 128', 'MUSC 131', 'MUSC 135', 'MUSC 141', 'MUSC 149', 'MUSC 150A', 'MUSC 150C', 'MUSC 153A', 'MUSC 154A', 'MUSC 157A', 'MUSC 160A', 'MUSC 160E', 'MUSC 161A', 'MUSC 162A', 'MUSC 162B', 'MUSC 162C', 'MUSC 162E', 'MUSC 163', 'MUSC 164', 'MUSC 165A', 'MUSC 165B', 'MUSC 165C', 'MUSC 165D', 'MUSC 169A', 'MUSC 169B', 'MUSC 169C', 'MUSC 170', 'MUSC 171A', 'MUSC 200', 'MUSC 205', 'MUSC 206', 'MUSC 207C', 'MUSC 220', 'MUSC 221', 'MUSC 235', 'MUSC 236C', 'MUSC 241', 'MUSC 249', 'MUSC 271B', 'MUSC 305', 'MUSC 307C', 'MUSC 309', 'MUSC 310', 'MUSC 311', 'MUSC 312', 'MUSC 313', 'MUSC 319A', 'MUSC 320', 'MUSC 323', 'MUSC 328D', 'MUSC 333', 'MUSC 336', 'MUSC 339C', 'MUSC 340', 'MUSC 349', 'MUSC 352', 'MUSC 358', 'MUSC 365', 'MUSC 371S', 'MUSC 402A', 'MUSC 402B', 'MUSC 402C', 'MUSC 403A', 'MUSC 403D', 'MUSC 403E', 'MUSC 403H', 'MUSC 403M', 'MUSC 403P', 'MUSC 403R', 'MUSC 403S', 'MUSC 403T', 'MUSC 403U', 'MUSC 403V', 'MUSC 403X', 'MUSC 407C', 'MUSC 409D', 'MUSC 411', 'MUSC 419', 'MUSC 420', 'MUSC 430I', 'MUSC 433', 'MUSC 436', 'MUSC 439C', 'MUSC 442C', 'MUSC 449', 'MUSC 455', 'MUSC 493A', 'MUSC 500A', 'MUSC 506', 'MUSC 507C', 'MUSC 508C', 'MUSC 509B', 'MUSC 512A', 'MUSC 512B', 'MUSC 512C', 'MUSC 512D', 'MUSC 512E', 'MUSC 520A', 'MUSC 521D', 'MUSC 527H', 'MUSC 529H', 'MUSC 532B', 'MUSC 532E', 'MUSC 532M', 'MUSC 532P', 'MUSC 532S', 'MUSC 532T', 'MUSC 532V', 'MUSC 532X', 'MUSC 533A', 'MUSC 533D', 'MUSC 533R', 'MUSC 533U', 'MUSC 535', 'MUSC 537C', 'MUSC 539C', 'MUSC 544A', 'MUSC 545B', 'MUSC 545C', 'MUSC 549A', 'MUSC 550A', 'MUSC 550C', 'MUSC 553', 'MUSC 554', 'MUSC 557', 'MUSC 560A', 'MUSC 560E', 'MUSC 561A', 'MUSC 562A', 'MUSC 562B', 'MUSC 562C', 'MUSC 562E', 'MUSC 563', 'MUSC 564', 'MUSC 565A', 'MUSC 565B', 'MUSC 565C', 'MUSC 565D', 'MUSC 569A', 'MUSC 569B', 'MUSC 569C', 'MUSC 572B', 'MUSC 591B', 'MUSC 593A', 'MUSC 593B', 'MUSC 593C', 'MUSC 593D', 'MUSC 593E', 'MUSC 593F', 'MUSC 593G', 'MUSC 593H', 'MUSC 606', 'MUSC 607C', 'MUSC 649', 'MUSC 692A', 'MUSC 693B', 'MUSC 693C', 'MUSC 693D', 'MUSC 694A', 'MUSC 694B', 'MUSC 694C', 'MUSC 694D', 'MUSC 695A', 'MUSC 695B', 'MUSC 695C', 'MUSC 695D']"
172,Faculty of Education,LLED,"['NAME 501', 'NAME 502', 'NAME 522', 'NAME 524', 'NAME 566', 'NAME 578', 'NAME 581', 'NAME 591']"
173,Faculty of Land and Food Systems,LWS,"['NEST 303', 'NEST 312', 'NEST 315', 'NEST 319', 'NEST 400A', 'NEST 401', 'NEST 500D']"
174,Faculty of Applied Science,MANU,"['NRSC 500', 'NRSC 501', 'NRSC 549', 'NRSC 649']"
175,Faculty of Science,MATH,"['NURS 180', 'NURS 280', 'NURS 290', 'NURS 300', 'NURS 301', 'NURS 303', 'NURS 310', 'NURS 321', 'NURS 322', 'NURS 330', 'NURS 344', 'NURS 345', 'NURS 346', 'NURS 350', 'NURS 352', 'NURS 353', 'NURS 360', 'NURS 362', 'NURS 363', 'NURS 365', 'NURS 366', 'NURS 401', 'NURS 402', 'NURS 410A', 'NURS 427', 'NURS 430', 'NURS 502', 'NURS 504', 'NURS 506', 'NURS 507', 'NURS 508', 'NURS 509', 'NURS 510', 'NURS 511', 'NURS 512', 'NURS 530', 'NURS 531', 'NURS 542', 'NURS 548', 'NURS 549', 'NURS 552', 'NURS 554', 'NURS 560', 'NURS 571', 'NURS 572', 'NURS 576', 'NURS 577A', 'NURS 577B', 'NURS 577C', 'NURS 577D', 'NURS 580', 'NURS 581', 'NURS 585S', 'NURS 586H', 'NURS 590A', 'NURS 590S', 'NURS 591', 'NURS 595', 'NURS 596', 'NURS 599', 'NURS 601', 'NURS 690A', 'NURS 690C', 'NURS 699']"
176,Faculty of Arts,MDVL,"['OBST 501', 'OBST 502', 'OBST 503', 'OBST 506', 'OBST 507', 'OBST 549', 'OBST 649']"
177,Faculty of Applied Science,MECH,"['ONCO 502', 'ONCO 510', 'ONCO 548A', 'ONCO 548B', 'ONCO 549', 'ONCO 649']"
178,Faculty of Medicine,MEDD,['ORNT 400']
179,Faculty of Medicine,MEDG,"['ORPA 508', 'ORPA 509', 'ORPA 715', 'ORPA 716', 'ORPA 717', 'ORPA 718', 'ORPA 719', 'ORPA 720', 'ORPA 721', 'ORPA 722', 'ORPA 723', 'ORPA 724', 'ORPA 725', 'ORPA 904']"
180,Faculty of Medicine,MEDI,"['OSOT 511', 'OSOT 513', 'OSOT 515', 'OSOT 519', 'OSOT 525', 'OSOT 527', 'OSOT 528', 'OSOT 538', 'OSOT 545', 'OSOT 547', 'OSOT 549', 'OSOT 551', 'OSOT 553', 'OSOT 558']"
181,Faculty of Arts,MES,"['PATH 300', 'PATH 301', 'PATH 303', 'PATH 304', 'PATH 305', 'PATH 306', 'PATH 327', 'PATH 375', 'PATH 402', 'PATH 404', 'PATH 405', 'PATH 406', 'PATH 407', 'PATH 408', 'PATH 415', 'PATH 417A', 'PATH 427', 'PATH 437', 'PATH 438E', 'PATH 451', 'PATH 467', 'PATH 477', 'PATH 501', 'PATH 502', 'PATH 518B', 'PATH 531', 'PATH 535', 'PATH 548C', 'PATH 548K', 'PATH 548L', 'PATH 548O', 'PATH 548P', 'PATH 548Q', 'PATH 549A', 'PATH 549B', 'PATH 570', 'PATH 635', 'PATH 649', 'PATH 720', 'PATH 721', 'PATH 725']"
182,Vantage College,MGMT *,"['PCTH 201', 'PCTH 300', 'PCTH 302', 'PCTH 305', 'PCTH 325', 'PCTH 398', 'PCTH 399', 'PCTH 400', 'PCTH 402', 'PCTH 404', 'PCTH 448B', 'PCTH 448E', 'PCTH 449A', 'PCTH 449C', 'PCTH 498', 'PCTH 499', 'PCTH 502', 'PCTH 512', 'PCTH 513', 'PCTH 514', 'PCTH 548A', 'PCTH 548B', 'PCTH 548C', 'PCTH 548D', 'PCTH 548E', 'PCTH 548F', 'PCTH 549', 'PCTH 649']"
183,Faculty of Science,MICB,"['PERS 100', 'PERS 101', 'PERS 104', 'PERS 300', 'PERS 400']"
184,Faculty of Medicine,MIDW,"['PHAR 180', 'PHAR 402', 'PHAR 403', 'PHAR 404', 'PHAR 442', 'PHAR 451', 'PHAR 452', 'PHAR 462', 'PHAR 469', 'PHAR 471', 'PHAR 472', 'PHAR 479', 'PHAR 489', 'PHAR 501', 'PHAR 502', 'PHAR 533A', 'PHAR 534T', 'PHAR 540B', 'PHAR 546', 'PHAR 548', 'PHAR 549B', 'PHAR 550A', 'PHAR 550B', 'PHAR 550C', 'PHAR 550D', 'PHAR 550E', 'PHAR 550F', 'PHAR 560', 'PHAR 590', 'PHAR 591', 'PHAR 592B', 'PHAR 648', 'PHAR 649']"
185,Faculty of Applied Science,MINE,"['PHIL 100', 'PHIL 101', 'PHIL 102', 'PHIL 120', 'PHIL 125', 'PHIL 211', 'PHIL 212', 'PHIL 220', 'PHIL 230', 'PHIL 235', 'PHIL 240', 'PHIL 250', 'PHIL 260', 'PHIL 310', 'PHIL 311', 'PHIL 313', 'PHIL 314', 'PHIL 315', 'PHIL 316', 'PHIL 320', 'PHIL 321', 'PHIL 322', 'PHIL 323', 'PHIL 326', 'PHIL 330', 'PHIL 331', 'PHIL 332', 'PHIL 333', 'PHIL 334', 'PHIL 335', 'PHIL 337', 'PHIL 338', 'PHIL 339', 'PHIL 340', 'PHIL 347', 'PHIL 348', 'PHIL 351', 'PHIL 360', 'PHIL 362', 'PHIL 363', 'PHIL 364', 'PHIL 369A', 'PHIL 369B', 'PHIL 375', 'PHIL 385', 'PHIL 388', 'PHIL 390', 'PHIL 414', 'PHIL 415', 'PHIL 416', 'PHIL 418', 'PHIL 419A', 'PHIL 420A', 'PHIL 431', 'PHIL 440', 'PHIL 441', 'PHIL 448', 'PHIL 451', 'PHIL 455', 'PHIL 464', 'PHIL 470', 'PHIL 485', 'PHIL 487', 'PHIL 489', 'PHIL 490', 'PHIL 491', 'PHIL 510A', 'PHIL 514A', 'PHIL 525A', 'PHIL 525B', 'PHIL 530A', 'PHIL 540A', 'PHIL 550A', 'PHIL 551A', 'PHIL 551B', 'PHIL 551C', 'PHIL 560A', 'PHIL 560B', 'PHIL 585', 'PHIL 599', 'PHIL 699']"
186,Faculty of Science,MRNE,"['PHRM 100', 'PHRM 111', 'PHRM 131', 'PHRM 141', 'PHRM 161', 'PHRM 211', 'PHRM 212', 'PHRM 221', 'PHRM 231', 'PHRM 241', 'PHRM 251', 'PHRM 270', 'PHRM 300', 'PHRM 300B', 'PHRM 301F', 'PHRM 301H', 'PHRM 301J', 'PHRM 301K', 'PHRM 301N', 'PHRM 301P', 'PHRM 301R', 'PHRM 301S', 'PHRM 302', 'PHRM 302A', 'PHRM 302B', 'PHRM 302E', 'PHRM 304A', 'PHRM 304B', 'PHRM 305B', 'PHRM 306A', 'PHRM 306B', 'PHRM 311', 'PHRM 312', 'PHRM 321', 'PHRM 323', 'PHRM 325', 'PHRM 326', 'PHRM 327', 'PHRM 328', 'PHRM 329', 'PHRM 330', 'PHRM 332', 'PHRM 333', 'PHRM 340', 'PHRM 341', 'PHRM 351', 'PHRM 361', 'PHRM 371', 'PHRM 441', 'PHRM 450', 'PHRM 451', 'PHRM 452', 'PHRM 462', 'PHRM 463', 'PHRM 464', 'PHRM 466', 'PHRM 471', 'PHRM 472', 'PHRM 473A', 'PHRM 473B', 'PHRM 473C', 'PHRM 481', 'PHRM 491', 'PHRM 492', 'PHRM 493', 'PHRM 494', 'PHRM 495', 'PHRM 496']"
187,Faculty of Applied Science,MTRL,"['PHTH 511', 'PHTH 514', 'PHTH 516', 'PHTH 517', 'PHTH 521', 'PHTH 524', 'PHTH 526', 'PHTH 527', 'PHTH 528', 'PHTH 531', 'PHTH 534', 'PHTH 544', 'PHTH 545', 'PHTH 548', 'PHTH 552', 'PHTH 554', 'PHTH 564', 'PHTH 565', 'PHTH 574', 'PHTH 576', 'PHTH 580', 'PHTH 581']"
188,School of Music,MUSC,"['PHYL 511C', 'PHYL 521', 'PHYL 522', 'PHYL 523', 'PHYL 524', 'PHYL 527', 'PHYL 530', 'PHYL 532']"
189,Faculty of Applied Science,NAME,"['PHYS 100', 'PHYS 106', 'PHYS 108', 'PHYS 109', 'PHYS 117', 'PHYS 118', 'PHYS 119', 'PHYS 131', 'PHYS 157', 'PHYS 158', 'PHYS 159', 'PHYS 170', 'PHYS 200', 'PHYS 203', 'PHYS 210', 'PHYS 216', 'PHYS 219', 'PHYS 229', 'PHYS 298', 'PHYS 299', 'PHYS 301', 'PHYS 304', 'PHYS 305', 'PHYS 306', 'PHYS 309', 'PHYS 312', 'PHYS 319', 'PHYS 333', 'PHYS 341', 'PHYS 348', 'PHYS 349', 'PHYS 350', 'PHYS 399', 'PHYS 400', 'PHYS 401', 'PHYS 402', 'PHYS 403', 'PHYS 404', 'PHYS 405', 'PHYS 407', 'PHYS 408', 'PHYS 409A', 'PHYS 409B', 'PHYS 410', 'PHYS 420C', 'PHYS 438', 'PHYS 447A', 'PHYS 447B', 'PHYS 447C', 'PHYS 449', 'PHYS 473', 'PHYS 474', 'PHYS 490', 'PHYS 498', 'PHYS 499', 'PHYS 500', 'PHYS 501', 'PHYS 502', 'PHYS 504', 'PHYS 505', 'PHYS 506', 'PHYS 508', 'PHYS 509C', 'PHYS 516', 'PHYS 520A', 'PHYS 520B', 'PHYS 523B', 'PHYS 525B', 'PHYS 526', 'PHYS 528B', 'PHYS 529B', 'PHYS 530B', 'PHYS 531', 'PHYS 534', 'PHYS 535', 'PHYS 536', 'PHYS 539', 'PHYS 540', 'PHYS 541', 'PHYS 542', 'PHYS 545', 'PHYS 546', 'PHYS 549', 'PHYS 555A', 'PHYS 555B', 'PHYS 555C', 'PHYS 555F', 'PHYS 560', 'PHYS 599A', 'PHYS 649']"
190,Faculty of Arts,NEPL *,"['PLAN 211', 'PLAN 221', 'PLAN 321', 'PLAN 331', 'PLAN 341', 'PLAN 425', 'PLAN 503', 'PLAN 508', 'PLAN 509', 'PLAN 510', 'PLAN 517', 'PLAN 521', 'PLAN 522', 'PLAN 523', 'PLAN 524', 'PLAN 525', 'PLAN 526', 'PLAN 527A', 'PLAN 527B', 'PLAN 528A', 'PLAN 528B', 'PLAN 530', 'PLAN 532', 'PLAN 533', 'PLAN 534', 'PLAN 535', 'PLAN 542', 'PLAN 548K', 'PLAN 548M', 'PLAN 548O', 'PLAN 548P', 'PLAN 549C', 'PLAN 550A', 'PLAN 550B', 'PLAN 553', 'PLAN 558', 'PLAN 559', 'PLAN 560', 'PLAN 561', 'PLAN 579', 'PLAN 587A', 'PLAN 595', 'PLAN 602', 'PLAN 603', 'PLAN 649']"
191,Faculty of Arts,NEST,"['PLNT 530A', 'PLNT 530B', 'PLNT 530C', 'PLNT 530D', 'PLNT 530F', 'PLNT 530G', 'PLNT 549', 'PLNT 649']"
192,Faculty of Medicine,NEUR *,"['POLI 100', 'POLI 101', 'POLI 110', 'POLI 220', 'POLI 240', 'POLI 260', 'POLI 303', 'POLI 308A', 'POLI 308D', 'POLI 308Z', 'POLI 309', 'POLI 320A', 'POLI 320B', 'POLI 321A', 'POLI 323A', 'POLI 324A', 'POLI 325', 'POLI 327', 'POLI 328B', 'POLI 328C', 'POLI 328Y', 'POLI 332', 'POLI 334', 'POLI 341A', 'POLI 341B', 'POLI 341C', 'POLI 341Z', 'POLI 343', 'POLI 344A', 'POLI 347A', 'POLI 348A', 'POLI 350A', 'POLI 351', 'POLI 352', 'POLI 360A', 'POLI 363A', 'POLI 366', 'POLI 367B', 'POLI 369B', 'POLI 370A', 'POLI 372A', 'POLI 375A', 'POLI 377', 'POLI 378', 'POLI 379A', 'POLI 380', 'POLI 390', 'POLI 402A', 'POLI 405A', 'POLI 405C', 'POLI 405E', 'POLI 405F', 'POLI 420C', 'POLI 420F', 'POLI 422A', 'POLI 422B', 'POLI 422C', 'POLI 422D', 'POLI 424', 'POLI 428A', 'POLI 439A', 'POLI 440B', 'POLI 448B', 'POLI 449C', 'POLI 460C', 'POLI 462', 'POLI 463', 'POLI 464C', 'POLI 464D', 'POLI 464E', 'POLI 464F', 'POLI 464H', 'POLI 492', 'POLI 501A', 'POLI 504A', 'POLI 504B', 'POLI 511A', 'POLI 513B', 'POLI 514B', 'POLI 516C', 'POLI 516D', 'POLI 523B', 'POLI 540A', 'POLI 547D', 'POLI 549A', 'POLI 549B', 'POLI 549C', 'POLI 551A', 'POLI 561A', 'POLI 562A', 'POLI 562B', 'POLI 563A', 'POLI 571A', 'POLI 572A', 'POLI 572B', 'POLI 649A', 'POLI 649B', 'POLI 649C']"
193,Faculty of Medicine,NRSC,"['POLS 200', 'POLS 426']"
194,School of Nursing,NURS,"['PORT 101', 'PORT 102', 'PORT 201', 'PORT 202', 'PORT 405']"
195,Faculty of Dentistry,OBMS *,"['PPGA 500', 'PPGA 502', 'PPGA 503', 'PPGA 504', 'PPGA 505', 'PPGA 506', 'PPGA 508', 'PPGA 509', 'PPGA 510', 'PPGA 511', 'PPGA 514', 'PPGA 520', 'PPGA 521', 'PPGA 522', 'PPGA 527', 'PPGA 541', 'PPGA 542', 'PPGA 543', 'PPGA 544', 'PPGA 555', 'PPGA 560', 'PPGA 562', 'PPGA 565', 'PPGA 581', 'PPGA 584', 'PPGA 590A', 'PPGA 590B', 'PPGA 591B', 'PPGA 591C', 'PPGA 591E', 'PPGA 591G', 'PPGA 591H', 'PPGA 591I', 'PPGA 591J', 'PPGA 591K', 'PPGA 591L', 'PPGA 591M', 'PPGA 591O']"
196,Faculty of Medicine,OBST,['PRHC 501']
197,Faculty of Dentistry,OHS *,"['PSYC 101', 'PSYC 102', 'PSYC 207', 'PSYC 208', 'PSYC 216', 'PSYC 217', 'PSYC 218', 'PSYC 270', 'PSYC 277', 'PSYC 278', 'PSYC 300A', 'PSYC 301', 'PSYC 302', 'PSYC 303', 'PSYC 304', 'PSYC 305A', 'PSYC 306A', 'PSYC 307', 'PSYC 308A', 'PSYC 309A', 'PSYC 312A', 'PSYC 314', 'PSYC 315', 'PSYC 319', 'PSYC 320A', 'PSYC 322', 'PSYC 325', 'PSYC 331', 'PSYC 333', 'PSYC 335', 'PSYC 336', 'PSYC 340B', 'PSYC 340C', 'PSYC 340E', 'PSYC 349', 'PSYC 350A', 'PSYC 358', 'PSYC 359', 'PSYC 361', 'PSYC 363', 'PSYC 365', 'PSYC 367', 'PSYC 368', 'PSYC 370', 'PSYC 371', 'PSYC 388B', 'PSYC 388C', 'PSYC 388E', 'PSYC 398', 'PSYC 399', 'PSYC 401', 'PSYC 404', 'PSYC 409', 'PSYC 413', 'PSYC 417A', 'PSYC 421', 'PSYC 427', 'PSYC 440B', 'PSYC 440C', 'PSYC 440E', 'PSYC 449', 'PSYC 460', 'PSYC 461', 'PSYC 462', 'PSYC 472', 'PSYC 488B', 'PSYC 488C', 'PSYC 488E', 'PSYC 498', 'PSYC 499', 'PSYC 502', 'PSYC 503', 'PSYC 517', 'PSYC 528', 'PSYC 530', 'PSYC 531', 'PSYC 532', 'PSYC 534B', 'PSYC 536', 'PSYC 537', 'PSYC 541', 'PSYC 542', 'PSYC 545A', 'PSYC 546E', 'PSYC 546H', 'PSYC 546J', 'PSYC 546Y', 'PSYC 547D', 'PSYC 547E', 'PSYC 549', 'PSYC 559', 'PSYC 560', 'PSYC 571B', 'PSYC 582A', 'PSYC 583', 'PSYC 585A', 'PSYC 594', 'PSYC 649']"
198,Faculty of Medicine,ONCO,"['PSYT 550A', 'PSYT 550B']"
199,Faculty of Medicine,ORNT,"['PUNJ 102', 'PUNJ 200', 'PUNJ 300']"
200,Faculty of Medicine,ORPA,"['RELG 101', 'RELG 201', 'RELG 203', 'RELG 306', 'RELG 307', 'RELG 313', 'RELG 316', 'RELG 335', 'RELG 415', 'RELG 475B', 'RELG 500B', 'RELG 531', 'RELG 649']"
201,Faculty of Medicine,OSOT,"['RES 500B', 'RES 500C', 'RES 500D', 'RES 500H', 'RES 502', 'RES 504', 'RES 505', 'RES 507', 'RES 508', 'RES 510', 'RES 520', 'RES 599', 'RES 602', 'RES 699']"
202,Faculty of Medicine,PATH,['RGLA 372A']
203,Faculty of Medicine,PCTH,"['RGST 200', 'RGST 300']"
204,Faculty of Arts,PERS,"['RHSC 420', 'RHSC 500', 'RHSC 501', 'RHSC 502', 'RHSC 503', 'RHSC 504A', 'RHSC 504B', 'RHSC 504C', 'RHSC 505', 'RHSC 506A', 'RHSC 506B', 'RHSC 507', 'RHSC 509', 'RHSC 512', 'RHSC 515', 'RHSC 530', 'RHSC 549', 'RHSC 581A', 'RHSC 583A', 'RHSC 583B', 'RHSC 583C', 'RHSC 583D', 'RHSC 585', 'RHSC 587', 'RHSC 589B', 'RHSC 699']"
205,Faculty of Pharmaceutical Sciences,PHAR,"['RMST 221B', 'RMST 222', 'RMST 234', 'RMST 420C', 'RMST 520']"
206,Faculty of Arts,PHIL,"['RUSS 101', 'RUSS 102', 'RUSS 201', 'RUSS 202', 'RUSS 206', 'RUSS 207', 'RUSS 301', 'RUSS 302', 'RUSS 303', 'RUSS 306A', 'RUSS 321A', 'RUSS 323A', 'RUSS 400B']"
207,Faculty of Pharmaceutical Sciences,PHRM,"['SANS 300', 'SANS 400']"
208,Faculty of Medicine,PHTH,"['SCAN 335', 'SCAN 336', 'SCAN 337', 'SCAN 414', 'SCAN 415']"
209,Faculty of Medicine,PHYL,"['SCIE 001', 'SCIE 010', 'SCIE 113', 'SCIE 300', 'SCIE 420']"
210,Faculty of Science,PHYS,[]
211,School of Comm and Reg Planning,PLAN,['SLAV 307A']
212,Faculty of Medicine,PLAS *,"['SOCI 100', 'SOCI 101', 'SOCI 102', 'SOCI 200', 'SOCI 210', 'SOCI 217', 'SOCI 220', 'SOCI 230', 'SOCI 240', 'SOCI 250', 'SOCI 285', 'SOCI 301', 'SOCI 302', 'SOCI 303', 'SOCI 310', 'SOCI 312', 'SOCI 320', 'SOCI 328', 'SOCI 342', 'SOCI 352', 'SOCI 354', 'SOCI 360', 'SOCI 361', 'SOCI 364', 'SOCI 369', 'SOCI 370', 'SOCI 371', 'SOCI 372', 'SOCI 380', 'SOCI 382', 'SOCI 383', 'SOCI 384', 'SOCI 387', 'SOCI 410C', 'SOCI 414', 'SOCI 415', 'SOCI 418', 'SOCI 420', 'SOCI 423', 'SOCI 425', 'SOCI 433A', 'SOCI 433B', 'SOCI 433D', 'SOCI 440', 'SOCI 441', 'SOCI 442', 'SOCI 449', 'SOCI 465', 'SOCI 470', 'SOCI 479', 'SOCI 490', 'SOCI 500', 'SOCI 501', 'SOCI 502', 'SOCI 503', 'SOCI 508', 'SOCI 509A', 'SOCI 510A', 'SOCI 513', 'SOCI 514', 'SOCI 515', 'SOCI 549A', 'SOCI 560', 'SOCI 584A', 'SOCI 598A', 'SOCI 598B', 'SOCI 598C', 'SOCI 649']"
213,Faculty of Land and Food Systems,PLNT,"['SOIL 500', 'SOIL 501', 'SOIL 502', 'SOIL 515', 'SOIL 517', 'SOIL 518', 'SOIL 524', 'SOIL 530A', 'SOIL 530B', 'SOIL 530C', 'SOIL 530D', 'SOIL 549', 'SOIL 649']"
214,Faculty of Arts,POLI,"['SOWK 200', 'SOWK 201', 'SOWK 305C', 'SOWK 305G', 'SOWK 305I', 'SOWK 310A', 'SOWK 315', 'SOWK 316', 'SOWK 325', 'SOWK 335', 'SOWK 337', 'SOWK 400', 'SOWK 405', 'SOWK 415', 'SOWK 416', 'SOWK 420', 'SOWK 430A', 'SOWK 440B', 'SOWK 440C', 'SOWK 440K', 'SOWK 440Q', 'SOWK 441', 'SOWK 442', 'SOWK 450', 'SOWK 453', 'SOWK 521', 'SOWK 522', 'SOWK 525', 'SOWK 526A', 'SOWK 528A', 'SOWK 529A', 'SOWK 531', 'SOWK 532A', 'SOWK 549A', 'SOWK 550', 'SOWK 551', 'SOWK 553C', 'SOWK 554C', 'SOWK 559', 'SOWK 560C', 'SOWK 570A', 'SOWK 570N', 'SOWK 570P', 'SOWK 601', 'SOWK 621', 'SOWK 654', 'SOWK 699']"
215,Faculty of Arts,POLS,"['SPAN 101', 'SPAN 102', 'SPAN 201', 'SPAN 202', 'SPAN 206', 'SPAN 207', 'SPAN 221', 'SPAN 222', 'SPAN 280', 'SPAN 301', 'SPAN 302', 'SPAN 312B', 'SPAN 321', 'SPAN 357', 'SPAN 358', 'SPAN 364', 'SPAN 365', 'SPAN 401', 'SPAN 420', 'SPAN 490C', 'SPAN 495', 'SPAN 499', 'SPAN 501A', 'SPAN 505A', 'SPAN 530', 'SPAN 549', 'SPAN 550B', 'SPAN 590B', 'SPAN 649']"
216,Faculty of Arts,PORT,"['SPHA 501', 'SPHA 510', 'SPHA 511', 'SPHA 521', 'SPHA 522', 'SPHA 531', 'SPHA 533', 'SPHA 542', 'SPHA 543', 'SPHA 544', 'SPHA 551', 'SPHA 553', 'SPHA 554', 'SPHA 555', 'SPHA 556', 'SPHA 557', 'SPHA 562', 'SPHA 563', 'SPHA 580A', 'SPHA 580B', 'SPHA 581B', 'SPHA 590A']"
217,Faculty of Arts,PPGA,"['SPPH 300', 'SPPH 301', 'SPPH 302', 'SPPH 381A', 'SPPH 381B', 'SPPH 381C', 'SPPH 381D', 'SPPH 400', 'SPPH 410', 'SPPH 481A', 'SPPH 481C', 'SPPH 500', 'SPPH 501', 'SPPH 502', 'SPPH 503', 'SPPH 504', 'SPPH 506', 'SPPH 507', 'SPPH 508', 'SPPH 510', 'SPPH 511', 'SPPH 512', 'SPPH 513', 'SPPH 514', 'SPPH 515', 'SPPH 516', 'SPPH 519', 'SPPH 520', 'SPPH 522', 'SPPH 523', 'SPPH 525', 'SPPH 527', 'SPPH 529', 'SPPH 531', 'SPPH 533', 'SPPH 535', 'SPPH 536', 'SPPH 537', 'SPPH 540', 'SPPH 541', 'SPPH 542', 'SPPH 543', 'SPPH 545', 'SPPH 546', 'SPPH 547', 'SPPH 550', 'SPPH 552', 'SPPH 553', 'SPPH 555', 'SPPH 562', 'SPPH 563', 'SPPH 566', 'SPPH 567', 'SPPH 568', 'SPPH 569', 'SPPH 571', 'SPPH 576', 'SPPH 578', 'SPPH 581C', 'SPPH 581D', 'SPPH 581J', 'SPPH 581N', 'SPPH 581R', 'SPPH 581T', 'SPPH 581U', 'SPPH 581X', 'SPPH 581Y', 'SPPH 598', 'SPPH 599', 'SPPH 607', 'SPPH 621', 'SPPH 681A', 'SPPH 699']"
218,Faculty of Medicine,PRHC,"['STAT 200', 'STAT 201', 'STAT 203', 'STAT 251', 'STAT 300', 'STAT 302', 'STAT 305', 'STAT 306', 'STAT 321', 'STAT 344', 'STAT 398', 'STAT 399', 'STAT 404', 'STAT 406', 'STAT 443', 'STAT 447B', 'STAT 460', 'STAT 461', 'STAT 498', 'STAT 499', 'STAT 520A', 'STAT 520B', 'STAT 535A', 'STAT 535B', 'STAT 536D', 'STAT 536E', 'STAT 538A', 'STAT 540', 'STAT 545A', 'STAT 545B', 'STAT 547C', 'STAT 547N', 'STAT 548A', 'STAT 548B', 'STAT 549A', 'STAT 550', 'STAT 551', 'STAT 560', 'STAT 561', 'STAT 589', 'STAT 598', 'STAT 599', 'STAT 649']"
219,Faculty of Arts,PSYC,"['STS 501', 'STS 502', 'STS 597', 'STS 598A', 'STS 599']"
220,Faculty of Medicine,PSYT,"['SURG 500', 'SURG 502', 'SURG 504', 'SURG 510', 'SURG 512', 'SURG 514', 'SURG 516', 'SURG 517', 'SURG 518', 'SURG 542', 'SURG 548A', 'SURG 548B', 'SURG 548C', 'SURG 549C', 'SURG 560']"
221,Faculty of Arts,PUNJ,"['SWED 100', 'SWED 110', 'SWED 200', 'SWED 210']"
222,Faculty of Medicine,RADI *,[]
223,Faculty of Medicine,RADS *,['THFL 100']
224,Faculty of Arts,RELG,"['THTR 120', 'THTR 130', 'THTR 150A', 'THTR 150B', 'THTR 205A', 'THTR 205B', 'THTR 205C', 'THTR 205D', 'THTR 210', 'THTR 211', 'THTR 230', 'THTR 250', 'THTR 271', 'THTR 272', 'THTR 273', 'THTR 274', 'THTR 299A', 'THTR 299B', 'THTR 299C', 'THTR 299K', 'THTR 299L', 'THTR 299P', 'THTR 299R', 'THTR 305', 'THTR 306', 'THTR 307', 'THTR 308', 'THTR 310', 'THTR 311', 'THTR 320', 'THTR 323', 'THTR 325B', 'THTR 340B', 'THTR 350', 'THTR 354', 'THTR 371', 'THTR 372', 'THTR 373', 'THTR 374', 'THTR 391A', 'THTR 391B', 'THTR 391C', 'THTR 399A', 'THTR 399B', 'THTR 399C', 'THTR 399E', 'THTR 399K', 'THTR 399L', 'THTR 399M', 'THTR 399N', 'THTR 399P', 'THTR 399R', 'THTR 399S', 'THTR 399Z', 'THTR 405', 'THTR 406', 'THTR 408A', 'THTR 408B', 'THTR 410', 'THTR 440A', 'THTR 440B', 'THTR 443', 'THTR 445', 'THTR 448A', 'THTR 448B', 'THTR 448C', 'THTR 449', 'THTR 450', 'THTR 454', 'THTR 456', 'THTR 471', 'THTR 472', 'THTR 473', 'THTR 474', 'THTR 491A', 'THTR 491B', 'THTR 491C', 'THTR 499A', 'THTR 499B', 'THTR 499C', 'THTR 499K', 'THTR 499L', 'THTR 499M', 'THTR 499P', 'THTR 499R', 'THTR 499S', 'THTR 499Z', 'THTR 505', 'THTR 506', 'THTR 507', 'THTR 508', 'THTR 520', 'THTR 521', 'THTR 530A', 'THTR 530C', 'THTR 547A', 'THTR 547B', 'THTR 547C', 'THTR 549A', 'THTR 549B', 'THTR 549C', 'THTR 550', 'THTR 551', 'THTR 562', 'THTR 649']"
225,Faculty of Science,RES,"['TIBT 100', 'TIBT 101', 'TIBT 300']"
226,Faculty of Arts,RGLA,"['TRSC 001', 'TRSC 002']"
227,Faculty of Arts,RGST,"['UDES 504', 'UDES 505', 'UDES 509C']"
228,Faculty of Medicine,RHSC,"['UFOR 100', 'UFOR 110', 'UFOR 200', 'UFOR 300', 'UFOR 316', 'UFOR 330', 'UFOR 400', 'UFOR 401', 'UFOR 402', 'UFOR 403', 'UFOR 449B', 'UFOR 449C', 'UFOR 449F', 'UFOR 495']"
229,Faculty of Arts,RMST,"['URST 200', 'URST 400']"
230,Faculty of Arts,RUSS,"['URSY 510', 'URSY 520', 'URSY 540', 'URSY 550']"
231,Faculty of Arts,SANS,"['VANT 140C', 'VANT 140D', 'VANT 148', 'VANT 150']"
232,Faculty of Arts,SCAN,"['VGRD 500', 'VGRD 600']"
233,Faculty of Science,SCIE,"['VISA 101', 'VISA 110', 'VISA 180', 'VISA 183', 'VISA 210', 'VISA 220', 'VISA 230', 'VISA 240', 'VISA 241', 'VISA 250', 'VISA 260', 'VISA 280', 'VISA 310', 'VISA 311', 'VISA 320', 'VISA 321', 'VISA 330', 'VISA 331', 'VISA 340', 'VISA 341', 'VISA 350', 'VISA 351', 'VISA 352', 'VISA 360', 'VISA 380', 'VISA 390', 'VISA 401A', 'VISA 401B', 'VISA 401C', 'VISA 401D', 'VISA 401E', 'VISA 401F', 'VISA 401G', 'VISA 401H', 'VISA 401I', 'VISA 475', 'VISA 480', 'VISA 481', 'VISA 491', 'VISA 580', 'VISA 581', 'VISA 582', 'VISA 583A', 'VISA 583B', 'VISA 590A']"
234,Faculty of Arts,SEAL,['VURS 499']
235,Faculty of Applied Science,SGES *,"['WOOD 120', 'WOOD 225', 'WOOD 244', 'WOOD 245', 'WOOD 249', 'WOOD 276', 'WOOD 280', 'WOOD 282', 'WOOD 290', 'WOOD 292', 'WOOD 310', 'WOOD 311', 'WOOD 330', 'WOOD 335', 'WOOD 356', 'WOOD 365', 'WOOD 373', 'WOOD 384', 'WOOD 386', 'WOOD 400', 'WOOD 412', 'WOOD 440', 'WOOD 449A', 'WOOD 449B', 'WOOD 449C', 'WOOD 449D', 'WOOD 449F', 'WOOD 461', 'WOOD 464', 'WOOD 482', 'WOOD 485', 'WOOD 487', 'WOOD 491', 'WOOD 492', 'WOOD 493', 'WOOD 494', 'WOOD 499', 'WOOD 570C', 'WOOD 572C', 'WOOD 573', 'WOOD 576']"
236,Faculty of Arts,SLAV,"['WRDS 150', 'WRDS 150A', 'WRDS 150B', 'WRDS 350']"
237,Faculty of Arts,SOAL *,"['ZOOL 500A', 'ZOOL 500B', 'ZOOL 500D', 'ZOOL 503', 'ZOOL 549', 'ZOOL 554', 'ZOOL 649']"
238,Faculty of Arts,SOCI,
239,Faculty of Land and Food Systems,SOIL,
240,School of Social Work,SOWK,
241,Faculty of Arts,SPAN,
242,Faculty of Applied Science,SPE *,
243,Faculty of Medicine,SPHA,
244,Faculty of Medicine,SPPH,
245,Faculty of Science,STAT,
246,Faculty of Grad and Pdoc Studies,STS,
247,Faculty of Medicine,SURG,
248,Faculty of Arts,SWED,
249,Regi,TEST,
250,Faculty of Arts,THFL,
251,Faculty of Arts,THTR,
252,Faculty of Arts,TIBT,
253,No Faculty (Blank for Cross Edits),TRSC,
254,School of Arch and Landscape Arch,UDES,
255,Faculty of Forestry,UFOR,
256,Faculty of Arts,UKRN *,
257,No Faculty (Blank for Cross Edits),URO *,
258,Faculty of Medicine,UROL *,
259,Faculty of Arts,URST,
260,Faculty of Applied Science,URSY,
261,Vantage College,VANT,
262,Faculty of Grad and Pdoc Studies,VGRD,
263,Faculty of Arts,VISA,
264,Faculty of Education,VRHC *,
265,Faculty of Applied Science,VURS,
266,Faculty of Forestry,WOOD,
267,Faculty of Arts,WRDS,
268,Centre for Continuing Education,WRIT *,
